time,q1,q2,tau
2,2192,0,1
3,2188,0,6
4,2184,0,0
5,2169,0,0
6,2186,0,0
7,2186,0,0
8,2179,0,2
9,2173,0,0
10,2177,0,3
11,2176,0,0
12,2192,0,0
13,2191,0,0
14,2191,0,0
15,2188,0,0
16,2181,0,2
17,2184,0,0
18,2184,0,0
19,2186,0,0
20,2188,0,6
21,2184,0,1
22,2184,0,1
23,2188,0,0
24,2183,0,4
25,2177,0,0
26,2190,0,0
27,2190,0,0
28,2190,0,0
29,2176,0,0
30,2187,0,0
31,2188,0,1
32,2185,0,0
33,2188,0,0
34,2188,0,0
35,2177,0,0
36,2182,0,0
37,2191,0,0
38,2184,0,0
39,2186,0,0
40,2178,0,4
41,2186,0,0
42,2179,0,0
43,2186,0,1
44,2190,0,4
45,2177,0,6
46,2177,0,6
47,2188,0,0
48,2190,0,4
49,2192,0,0
50,2194,0,0
51,2186,0,0
52,2186,0,0
53,2189,0,0
54,2178,0,0
55,2177,0,0
56,2188,0,2
57,2188,0,2
58,2188,0,1
59,2200,0,0
60,2190,0,0
61,2190,0,0
62,2163,0,0
63,2192,0,0
64,2183,0,0
65,2176,0,2
66,2183,0,0
67,2183,0,2
68,2192,0,0
69,2194,0,4
70,2194,0,4
71,2191,0,0
72,2189,0,0
73,2190,0,6
74,2190,0,6
75,2190,0,0
76,2190,0,0
77,2184,0,0
78,2190,0,0
79,2183,0,1
80,2185,0,1
81,2186,0,0
82,2186,0,0
83,2183,0,0
84,2188,-1,0
85,2177,-1,1
86,2190,-1,1
87,2184,-1,3
88,2176,-1,0
89,2179,-1,0
90,2188,-1,7
91,2185,-1,0
92,2188,-2,0
93,2191,-2,0
94,2181,-2,0
95,2188,-2,0
96,2182,-3,2
97,2190,-3,0
98,2177,-3,0
99,2194,-3,0
100,2183,-3,1
101,2190,-3,0
102,2183,-4,0
103,2181,-4,0
104,2176,-4,0
105,2176,-4,0
106,2176,-5,0
107,2177,-5,1
108,2192,-5,0
109,2192,-6,0
110,2177,-6,0
111,2184,-6,0
112,2176,-6,0
113,2176,-7,0
114,2188,-7,0
115,2191,-7,0
116,2191,-7,0
117,2187,-8,0
118,2189,-8,0
119,2181,-9,0
120,2190,-9,1
121,2192,-9,1
122,2177,-9,0
123,2189,-10,3
124,2186,-10,0
125,2184,-10,1
126,2186,-11,1
127,2186,-11,0
128,2182,-11,2
129,2187,-11,0
130,2192,-12,2
131,2190,-12,0
132,2183,-12,0
133,2192,-13,0
134,2184,-13,7
135,2183,-13,0
136,2183,-14,0
137,2183,-14,2
138,2185,-14,0
139,2185,-15,0
140,2196,-15,0
141,2183,-15,0
142,2187,-16,4
143,2184,-16,1
144,2177,-16,0
145,2191,-17,0
146,2180,-17,0
147,2180,-17,0
148,2192,-18,0
149,2190,-18,1
150,2190,-18,1
151,2189,-19,2
152,2189,-19,0
153,2192,-20,6
154,2185,-20,3
155,2192,-20,0
156,2192,-21,0
157,2191,-21,0
158,2190,-22,0
159,2192,-22,2
160,2176,-22,3
161,2187,-23,0
162,2186,-23,0
163,2190,-24,0
164,2184,-24,5
165,2180,-25,1
166,2177,-25,0
167,2186,-26,0
168,2181,-26,0
169,2187,-27,0
170,2183,-27,3
171,2190,-28,0
172,2190,-28,0
173,2192,-29,6
174,2190,-29,0
175,2188,-30,0
176,2188,-30,0
177,2183,-31,1
178,2183,-31,1
179,2179,-32,0
180,2179,-33,0
181,2189,-33,0
182,2177,-34,7
183,2177,-34,7
184,2182,-35,0
185,2188,-35,3
186,2186,-36,0
187,2189,-36,0
188,2177,-37,2
189,2190,-37,0
190,2192,-38,2
191,2189,-39,0
192,2183,-39,4
193,2176,-40,0
194,2191,-41,0
195,2179,-41,1
196,2187,-42,0
197,2181,-42,0
198,2194,-43,0
199,2186,-43,1
200,2190,-44,0
201,2179,-45,1
202,2182,-45,0
203,2190,-46,0
204,2180,-47,1
205,2184,-47,0
206,2179,-48,2
207,2184,-48,6
208,2183,-49,3
209,2183,-49,0
210,2194,-50,0
211,2183,-51,0
212,2192,-51,0
213,2190,-52,0
214,2183,-52,4
215,2192,-53,0
216,2190,-53,0
217,2190,-54,0
218,2196,-54,0
219,2194,-55,0
220,2189,-55,0
221,2188,-56,0
222,2177,-56,0
223,2187,-57,0
224,2187,-57,0
225,2189,-57,0
226,2189,-58,0
227,2180,-58,6
228,2179,-59,1
229,2188,-59,3
230,2192,-59,0
231,2182,-59,0
232,2188,-60,3
233,2188,-60,3
234,2176,-61,4
235,2176,-61,3
236,2184,-61,5
237,2192,-61,7
238,2176,-62,2
239,2187,-62,0
240,2179,-62,0
241,2181,-62,0
242,2192,-63,0
243,2177,-63,0
244,2181,-63,0
245,2183,-63,2
246,2183,-64,2
247,2186,-64,1
248,2179,-64,0
249,2179,-64,0
250,2178,-64,3
251,2187,-65,0
252,2181,-65,0
253,2186,-65,0
254,2186,-65,0
255,2183,-65,7
256,2181,-65,0
257,2186,-65,0
258,2170,-65,0
259,2179,-66,0
260,2186,-66,0
261,2176,-66,2
262,2178,-66,2
263,2173,-67,4
264,2186,-67,0
265,2186,-67,2
266,2175,-67,0
267,2159,-67,4
268,2175,-67,1
269,2163,-68,0
270,2177,-68,0
271,2172,-68,1
272,2174,-68,0
273,2155,-69,0
274,2155,-69,0
275,2178,-69,2
276,2178,-69,2
278,2166,-70,0
280,2171,-70,0
282,2169,-71,6
284,2159,-72,0
286,2170,-72,0
288,2168,-73,2
290,2177,-74,0
292,2170,-75,0
294,2174,-75,3
296,2168,-76,0
298,2177,-77,0
300,2169,-78,0
302,2173,-79,0
304,2173,-79,0
306,2172,-80,3
308,2173,-81,5
310,2178,-82,0
312,2168,-83,7
314,2167,-84,0
316,2165,-85,0
318,2177,-86,6
320,2169,-87,0
322,2156,-88,0
324,2173,-89,6
326,2165,-90,0
327,2174,-90,0
328,2169,-91,0
330,2169,-92,1
331,2171,-92,0
332,2178,-93,4
334,2170,-93,0
335,2174,-94,0
336,2174,-94,0
338,2174,-95,0
339,2172,-95,0
340,2167,-95,1
342,2161,-96,1
343,2161,-97,1
344,2174,-97,0
346,2168,-98,0
347,2177,-98,0
348,2184,-98,1
350,2157,-99,6
351,2168,-100,0
352,2168,-100,0
354,2168,-101,0
355,2174,-101,0
356,2168,-102,0
358,2174,-103,0
359,2170,-103,0
360,2179,-104,1
362,2170,-105,1
363,2175,-105,0
364,2163,-106,0
366,2163,-107,1
367,2162,-108,0
368,2172,-108,6
370,2173,-109,0
371,2175,-110,1
372,2175,-111,1
374,2176,-112,2
375,2173,-113,0
376,2174,-113,2
378,2175,-115,0
379,2167,-115,1
380,2167,-116,1
382,2168,-118,7
383,2155,-118,0
384,2174,-119,0
386,2174,-121,0
387,2174,-121,0
388,2170,-122,0
390,2168,-124,0
391,2151,-125,0
392,2169,-125,0
394,2166,-127,3
395,2175,-127,0
396,2175,-128,0
398,2168,-129,0
399,2178,-130,1
400,2173,-131,2
401,2168,-132,0
402,2174,-133,2
403,2168,-133,1
404,2168,-134,1
405,2155,-135,0
406,2155,-135,0
407,2165,-136,0
408,2165,-137,0
409,2176,-138,0
410,2176,-139,2
411,2176,-139,0
412,2168,-140,0
413,2168,-141,0
414,2176,-142,0
415,2176,-142,0
416,2184,-143,4
417,2170,-144,0
418,2172,-145,4
419,2172,-146,4
420,2168,-146,3
421,2168,-147,3
422,2171,-148,0
423,2171,-149,0
424,2178,-149,0
425,2180,-150,0
426,2181,-151,0
427,2186,-151,0
428,2168,-152,0
429,2186,-153,0
430,2180,-154,6
431,2181,-154,0
432,2176,-155,2
433,2180,-155,0
434,2180,-156,0
435,2177,-157,0
436,2177,-157,0
437,2182,-158,1
438,2182,-158,0
439,2181,-159,0
440,2174,-159,10
441,2166,-160,3
442,2181,-161,1
443,2179,-161,2
444,2179,-162,2
445,2180,-162,1
446,2169,-163,0
447,2169,-163,0
448,2177,-164,3
449,2182,-165,4
450,2188,-165,0
451,2184,-166,1
452,2184,-167,0
453,2185,-167,3
454,2185,-168,3
455,2184,-168,0
456,2184,-169,0
457,2168,-169,0
458,2188,-170,0
459,2188,-171,0
460,2176,-171,0
461,2177,-172,0
462,2186,-173,0
463,2176,-173,0
464,2188,-173,0
465,2187,-174,0
466,2187,-175,0
467,2189,-175,2
468,2177,-176,0
469,2190,-176,0
470,2185,-177,4
471,2183,-177,3
472,2183,-178,3
473,2176,-179,1
474,2181,-179,1
475,2186,-179,0
476,2187,-180,1
477,2186,-181,2
478,2192,-181,0
479,2187,-182,0
480,2196,-182,0
481,2178,-183,2
482,2187,-183,0
483,2187,-184,3
484,2169,-184,1
485,2190,-185,0
486,2185,-185,4
487,2184,-185,0
488,2189,-186,1
489,2189,-187,1
490,2183,-187,1
491,2186,-187,0
492,2186,-188,0
493,2184,-189,0
494,2184,-189,0
495,2190,-189,0
496,2177,-190,1
497,2183,-190,0
498,2178,-191,3
499,2178,-191,3
500,2190,-191,0
501,2190,-192,0
502,2187,-192,0
503,2184,-193,0
504,2184,-193,0
505,2184,-193,3
506,2192,-194,2
507,2192,-194,2
508,2192,-195,6
509,2184,-195,0
510,2188,-195,0
511,2176,-195,0
512,2177,-196,0
513,2177,-196,0
514,2180,-197,1
515,2188,-197,6
516,2190,-197,0
517,2189,-197,1
518,2178,-198,4
519,2183,-198,1
520,2177,-198,2
521,2187,-198,0
522,2179,-199,1
523,2179,-199,1
524,2187,-199,0
525,2186,-199,0
526,2187,-199,0
527,2190,-199,0
528,2191,-199,7
529,2177,-200,0
530,2190,-200,0
531,2192,-200,0
532,2192,-200,0
533,2196,-200,0
534,2187,-200,0
535,2191,-200,0
536,2191,-200,0
537,2188,-200,0
538,2176,-200,2
539,2192,-200,6
540,2176,-201,0
541,2185,-201,0
542,2190,-201,0
543,2190,-201,4
544,2189,-201,0
545,2190,-201,0
546,2190,-201,0
547,2183,-201,0
548,2190,-201,4
549,2189,-201,0
550,2188,-201,3
551,2188,-201,1
552,2190,-201,0
553,2181,-202,0
554,2188,-202,0
555,2188,-202,0
556,2192,-202,0
557,2181,-202,1
558,2189,-202,0
559,2189,-202,0
560,2176,-202,0
561,2184,-202,0
562,2184,-202,0
563,2190,-202,0
564,2192,-202,1
565,2181,-202,0
566,2188,-202,1
567,2188,-202,0
568,2183,-202,0
569,2186,-202,6
570,2184,-202,2
571,2184,-202,2
572,2179,-202,2
573,2184,-202,0
574,2184,-202,3
575,2184,-202,3
576,2177,-202,0
577,2190,-202,0
578,2187,-202,4
579,2189,-202,4
580,2189,-202,0
581,2178,-202,7
582,2192,-202,0
583,2190,-202,0
584,2190,-202,4
585,2194,-202,0
586,2183,-202,1
587,2192,-202,11
588,2184,-202,0
589,2184,-202,0
590,2188,-202,6
591,2192,-202,0
592,2177,-202,2
593,2181,-202,0
594,2191,-202,4
595,2179,-202,2
596,2189,-202,0
597,2184,-202,0
598,2179,-202,0
599,2179,-202,0
600,2182,-202,6
601,2182,-202,6
602,2196,-202,0
603,2184,-202,1
604,2183,-202,0
605,2177,-202,0
606,2179,-202,2
607,2194,-202,0
608,2196,-202,0
609,2192,-202,1
610,2190,-202,0
611,2181,-202,1
612,2192,-202,0
613,2192,-202,1
614,2178,-202,1
615,2184,-202,0
616,2190,-203,0
617,2179,-203,2
618,2189,-203,0
619,2189,-203,0
620,2191,-203,0
621,2191,-203,0
622,2191,-203,0
623,2191,-203,0
624,2192,-203,6
625,2176,-203,0
626,2186,-203,4
627,2190,-203,4
628,2188,-203,2
629,2189,-203,0
630,2190,-203,0
631,2187,-203,0
632,2177,-203,2
633,2179,-203,2
634,2179,-203,2
635,2184,-203,0
636,2179,-203,0
637,2191,-203,0
638,2185,-203,0
639,2190,-203,1
640,2179,-204,0
641,2179,-204,0
642,2190,-204,1
643,2182,-204,1
644,2192,-204,0
645,2187,-204,0
646,2190,-204,0
647,2177,-204,1
648,2189,-204,0
649,2192,-204,0
650,2194,-204,0
651,2190,-204,0
652,2190,-204,1
653,2179,-204,1
654,2189,-204,0
655,2184,-204,0
656,2194,-204,0
657,2194,-204,0
658,2187,-204,2
659,2187,-204,4
660,2181,-204,2
661,2194,-204,1
663,2192,-204,0
665,2191,-204,7
667,2179,-204,0
669,2167,-204,6
671,2184,-204,0
673,2192,-204,0
675,2194,-204,4
677,2190,-204,6
679,2176,-204,0
681,2176,-204,0
683,2196,-204,0
685,2177,-204,3
687,2189,-204,0
689,2188,-204,1
691,2190,-204,0
693,2188,-204,0
695,2194,-204,0
697,2181,-204,6
699,2179,-204,0
701,2190,-205,0
703,2191,-205,8
705,2179,-205,7
707,2196,-205,0
709,2191,-205,0
711,2188,-205,6
713,2181,-205,0
715,2186,-205,0
717,2187,-205,0
716,2184,-205,0
719,2191,-205,0
720,2183,-205,1
721,2191,-205,0
723,2184,-205,0
725,2189,-205,0
724,2168,-205,0
727,2191,-205,0
728,2191,-205,0
729,2190,-205,4
731,2184,-205,0
732,2181,-205,6
733,2183,-205,0
735,2190,-205,0
736,2183,-205,1
737,2190,-205,0
739,2192,-205,0
740,2188,-205,0
741,2187,-205,2
743,2192,-205,0
744,2192,-205,0
745,2186,-205,0
747,2190,-205,3
748,2190,-205,3
749,2184,-205,0
751,2200,-205,0
752,2183,-205,0
753,2196,-205,0
755,2194,-205,0
756,2177,-205,0
757,2186,-205,0
759,2191,-205,1
760,2188,-205,0
761,2189,-205,1
763,2192,-205,0
764,2183,-205,4
765,2192,-205,0
767,2177,-205,1
768,2192,-205,7
769,2184,-205,1
771,2192,-205,0
772,2192,-205,0
773,2188,-205,0
775,2191,-205,0
776,2178,-205,0
777,2193,-205,6
779,2189,-205,0
780,2187,-205,0
781,2177,-205,0
783,2189,-205,0
784,2196,-205,0
785,2194,-205,1
786,2191,-205,2
787,2191,-205,2
788,2189,-205,0
789,2187,-205,1
790,2189,-205,0
791,2192,-205,0
792,2190,-205,0
793,2190,-205,0
794,2183,-205,6
795,2191,-205,0
796,2183,-205,0
797,2182,-205,1
798,2190,-205,1
799,2176,-205,3
800,2184,-205,1
801,2191,-205,1
802,2192,-205,0
803,2192,-205,0
804,2186,-205,1
805,2192,-205,0
806,2176,-205,6
807,2190,-205,3
808,2192,-205,0
809,2184,-205,0
810,2185,-205,0
811,2185,-205,0
812,2184,-205,2
813,2184,-205,1
814,2194,-205,0
815,2195,-205,0
816,2186,-205,0
817,2185,-205,0
818,2187,-205,0
819,2188,-205,0
820,2186,-205,0
821,2186,-205,0
822,2187,-205,0
823,2188,-205,10
824,2192,-205,0
825,2189,-205,0
826,2192,-205,4
827,2189,-205,0
828,2184,-205,0
829,2187,-205,0
830,2178,-205,0
831,2189,-205,0
832,2185,-205,0
833,2189,-205,0
834,2189,-205,0
835,2182,-205,0
836,2188,-205,2
837,2189,-205,0
838,2189,-205,0
839,2183,-205,0
840,2194,-205,0
841,2177,-205,10
842,2190,-205,0
843,2192,-205,6
844,2189,-205,0
845,2192,-205,0
846,2175,-205,0
847,2187,-205,0
848,2190,-205,1
849,2176,-205,1
850,2190,-205,0
851,2194,-205,4
852,2184,-205,0
853,2184,-205,0
854,2184,-205,0
855,2184,-205,0
856,2186,-205,0
857,2186,-205,0
858,2176,-205,5
859,2192,-205,2
860,2183,-205,3
861,2189,-205,0
862,2186,-205,0
863,2181,-205,4
864,2190,-205,0
865,2185,-205,0
866,2184,-205,3
867,2188,-205,0
868,2190,-205,11
869,2189,-205,1
870,2189,-205,1
871,2189,-205,1
872,2198,-205,4
873,2200,-205,0
874,2183,-205,0
875,2181,-205,2
876,2181,-205,2
877,2189,-205,4
878,2176,-205,0
879,2177,-205,0
880,2190,-205,0
881,2187,-205,0
882,2184,-205,0
883,2181,-205,0
884,2186,-205,0
885,2186,-205,0
886,2192,-205,0
887,2187,-205,0
888,2187,-205,0
889,2190,-205,4
890,2190,-205,4
891,2186,-205,4
892,2196,-205,0
893,2176,-205,0
894,2189,-205,2
895,2177,-205,0
896,2192,-205,0
897,2194,-205,0
898,2191,-205,0
899,2184,-205,0
900,2190,-205,0
901,2181,-205,0
902,2192,-205,2
903,2189,-205,4
904,2184,-205,4
905,2184,-205,4
906,2187,-205,0
907,2194,-205,1
908,2184,-205,0
909,2184,-205,0
910,2186,-205,0
911,2191,-205,1
912,2167,-205,0
913,2167,-205,0
914,2188,-205,0
915,2183,-205,0
916,2178,-205,0
917,2191,-205,0
918,2183,-205,1
919,2183,-205,1
920,2184,-205,0
921,2175,-205,0
922,2192,-205,0
923,2184,-205,0
924,2184,-205,0
925,2191,-205,0
926,2179,-205,0
927,2194,-206,0
928,2179,-206,2
929,2190,-206,4
930,2179,-206,0
931,2183,-206,2
932,2188,-206,0
933,2192,-206,0
934,2179,-206,4
935,2186,-206,3
936,2186,-206,0
937,2186,-206,0
938,2186,-206,0
939,2189,-206,0
940,2182,-206,0
941,2191,-206,0
942,2190,-206,0
943,2177,-206,0
944,2192,-207,0
945,2192,-207,0
946,2177,-207,0
947,2177,-207,0
948,2179,-207,3
949,2194,-207,2
950,2190,-207,1
951,2190,-207,3
952,2177,-207,0
953,2188,-207,3
954,2202,-207,0
955,2176,-207,0
956,2189,-207,2
957,2190,-207,1
958,2192,-207,2
959,2192,-207,0
960,2200,-207,0
961,2192,-207,0
962,2183,-207,0
963,2169,-207,0
964,2184,-207,7
965,2181,-207,2
966,2186,-207,0
967,2186,-207,0
968,2189,-207,0
969,2183,-207,0
970,2183,-207,0
971,2183,-207,0
972,2179,-207,0
973,2179,-207,0
974,2184,-207,0
975,2184,-207,1
976,2188,-207,0
977,2188,-207,0
978,2189,-207,1
979,2179,-207,2
980,2192,-207,2
981,2190,-207,0
982,2192,-207,0
983,2186,-207,0
984,2179,-207,0
985,2189,-207,0
986,2192,-207,0
987,2186,-207,0
988,2191,-207,0
989,2200,-207,1
990,2202,-207,2
991,2181,-207,0
992,2179,-207,0
993,2179,-207,0
994,2190,-207,1
995,2190,-207,0
996,2183,-207,4
997,2190,-207,0
998,2190,-207,0
999,2185,-207,0
1000,2183,-207,6
1001,2190,-207,4
1002,2190,-207,4
1003,2183,-207,0
1004,2183,-207,0
1005,2183,-207,0
1006,2186,-207,0
1007,2191,-207,2
1008,2187,-207,0
1009,2188,-207,4
1010,2190,-207,0
1011,2186,-207,1
1012,2183,-207,0
1013,2191,-207,2
1014,2187,-207,0
1015,2190,-207,0
1016,2190,-207,0
1017,2190,-207,0
1018,2176,-207,0
1019,2188,-207,0
1020,2191,-207,2
1021,2191,-207,2
1022,2177,-207,0
1023,2186,-207,0
1024,2186,-207,0
1025,2192,-207,0
1026,2194,-207,0
1027,2169,-207,0
1028,2169,-207,0
1029,2187,-207,1
1030,2188,-207,0
1031,2187,-207,0
1032,2187,-207,0
1033,2181,-207,0
1034,2181,-207,0
1035,2191,-207,0
1036,2179,-207,0
1037,2186,-207,0
1038,2186,-207,0
1039,2194,-207,0
1040,2182,-207,0
1041,2186,-207,0
1042,2190,-207,0
1043,2190,-207,0
1044,2187,-207,1
1045,2192,-207,0
1046,2184,-207,3
1048,2194,-207,1
1050,2189,-207,0
1052,2190,-207,4
1054,2190,-207,1
1056,2190,-207,1
1058,2184,-207,0
1060,2192,-207,0
1062,2182,-207,1
1064,2189,-207,0
1066,2189,-207,2
1068,2190,-207,1
1070,2192,-207,0
1072,2190,-207,4
1074,2184,-207,0
1076,2191,-207,4
1078,2185,-207,3
1080,2196,-207,0
1082,2169,-207,1
1084,2188,-207,0
1086,2186,-207,0
1088,2192,-207,0
1090,2176,-207,0
1092,2184,-207,3
1094,2178,-207,0
1096,2190,-207,3
1098,2190,-207,4
1100,2171,-207,0
1102,2189,-207,0
1104,2184,-207,3
1106,2183,-207,0
1105,2177,-207,0
1108,2176,-207,0
1110,2190,-207,0
1111,2187,-207,0
1112,2184,-207,1
1114,2185,-208,1
1115,2178,-208,0
1116,2178,-209,0
1118,2191,-210,0
1119,2189,-210,6
1120,2192,-209,2
1122,2202,-207,0
1123,2192,-206,6
1124,2190,-205,0
1126,2178,-203,4
1127,2186,-201,0
1128,2179,-200,0
1130,2179,-197,0
1131,2179,-195,0
1132,2189,-193,0
1134,2182,-189,0
1135,2189,-188,0
1136,2183,-185,0
1138,2183,-181,3
1139,2192,-179,0
1140,2179,-176,0
1142,2181,-171,0
1143,2191,-169,1
1144,2179,-166,1
1146,2183,-160,6
1147,2182,-157,0
1148,2182,-154,0
1150,2187,-148,0
1151,2179,-144,0
1152,2184,-141,1
1154,2196,-134,5
1155,2192,-131,6
1156,2188,-127,0
1158,2184,-119,1
1159,2179,-116,6
1160,2192,-112,1
1162,2178,-104,0
1163,2178,-100,0
1164,2192,-96,0
1166,2185,-88,0
1167,2179,-84,0
1168,2183,-80,0
1169,2192,-76,0
1170,2188,-72,0
1171,2188,-68,0
1172,2177,-63,4
1173,2188,-59,0
1174,2189,-55,0
1175,2183,-51,0
1176,2177,-47,2
1177,2186,-42,0
1178,2192,-38,0
1179,2191,-34,0
1180,2192,-29,2
1181,2181,-25,4
1182,2184,-21,0
1183,2190,-17,0
1184,2190,-12,0
1185,2200,-8,1
1186,2188,-4,4
1187,2188,1,0
1188,2192,5,3
1189,2191,9,0
1190,2179,13,2
1191,2188,17,0
1192,2192,21,3
1193,2192,25,0
1194,2181,30,0
1195,2183,34,0
1196,2189,38,0
1197,2176,42,0
1198,2188,46,0
1199,2184,50,3
1200,2181,54,2
1201,2190,57,0
1202,2190,61,0
1203,2192,65,7
1204,2181,69,0
1205,2186,73,0
1206,2187,76,0
1207,2191,80,1
1208,2191,83,6
1209,2191,87,6
1210,2186,91,0
1211,2183,94,1
1212,2192,97,0
1213,2188,100,7
1214,2192,104,1
1215,2188,107,0
1216,2189,110,6
1217,2181,113,0
1218,2192,116,0
1219,2186,119,1
1220,2194,122,0
1221,2189,124,2
1222,2179,127,0
1223,2167,130,0
1224,2192,132,0
1225,2192,135,0
1226,2178,137,0
1227,2187,140,0
1228,2177,142,0
1229,2177,144,3
1230,2177,146,3
1231,2188,148,0
1232,2188,150,0
1233,2186,152,2
1234,2183,154,0
1235,2185,156,0
1236,2195,157,0
1237,2189,159,0
1238,2194,160,1
1239,2191,162,0
1240,2188,163,0
1241,2175,164,0
1242,2185,165,0
1243,2178,166,4
1244,2188,168,0
1245,2194,168,4
1246,2188,169,1
1247,2187,170,1
1248,2176,171,1
1249,2190,171,0
1250,2186,172,2
1251,2191,172,2
1252,2190,172,0
1253,2196,173,0
1254,2192,173,0
1255,2188,173,0
1256,2192,173,0
1257,2177,173,0
1258,2177,173,0
1259,2184,173,0
1260,2183,173,4
1261,2186,172,0
1262,2179,172,2
1263,2179,171,2
1264,2192,170,0
1265,2177,170,1
1266,2177,169,1
1267,2181,168,0
1268,2190,167,0
1269,2177,166,0
1270,2184,165,3
1271,2192,164,2
1272,2190,162,0
1273,2188,161,0
1274,2188,159,0
1275,2177,158,0
1276,2192,156,6
1277,2192,154,6
1278,2176,153,3
1279,2192,151,2
1280,2188,149,0
1281,2188,147,0
1282,2189,145,0
1283,2189,143,0
1284,2184,140,0
1285,2192,138,2
1286,2192,136,0
1287,2192,133,0
1288,2192,131,0
1289,2184,128,0
1290,2189,125,3
1291,2179,123,0
1292,2192,120,0
1293,2192,117,0
1294,2192,114,0
1295,2192,111,2
1296,2189,109,0
1297,2185,105,2
1298,2183,102,0
1299,2194,99,0
1300,2188,96,3
1301,2188,93,3
1302,2186,89,1
1303,2191,86,1
1304,2194,83,0
1305,2177,79,0
1306,2177,76,5
1307,2189,73,0
1308,2184,69,0
1309,2192,65,0
1310,2184,61,1
1311,2184,58,1
1312,2185,54,0
1313,2184,51,1
1314,2183,47,0
1315,2188,43,2
1316,2190,40,0
1317,2187,36,4
1318,2190,32,0
1319,2190,28,0
1320,2177,24,2
1321,2188,21,0
1322,2180,17,0
1323,2185,13,6
1324,2177,9,0
1325,2198,5,4
1326,2202,1,3
1327,2184,-3,5
1328,2182,-6,0
1329,2187,-10,0
1330,2180,-14,4
1331,2180,-18,4
1332,2191,-21,0
1333,2183,-25,1
1334,2183,-29,1
1335,2192,-33,7
1336,2192,-37,7
1337,2188,-40,0
1338,2182,-44,0
1339,2186,-47,4
1340,2184,-51,0
1341,2189,-55,0
1342,2184,-58,0
1343,2187,-61,0
1344,2186,-65,0
1345,2183,-68,0
1346,2192,-72,6
1347,2183,-75,0
1348,2189,-78,2
1349,2188,-82,4
1350,2198,-85,0
1351,2184,-88,4
1352,2200,-91,0
1353,2192,-94,0
1354,2192,-97,0
1355,2187,-100,1
1356,2187,-103,0
1357,2187,-105,0
1358,2176,-108,0
1359,2188,-111,1
1360,2171,-113,0
1361,2171,-116,0
1362,2199,-118,0
1363,2184,-121,4
1364,2186,-123,4
1365,2179,-125,0
1366,2187,-127,0
1367,2190,-130,1
1368,2194,-132,1
1369,2176,-134,0
1370,2193,-135,0
1371,2191,-137,0
1372,2194,-139,0
1373,2186,-141,0
1374,2190,-143,7
1375,2192,-144,0
1376,2192,-146,0
1377,2200,-147,1
1378,2189,-148,0
1379,2188,-150,0
1380,2179,-151,0
1381,2189,-152,2
1382,2189,-153,2
1383,2186,-154,0
1384,2191,-155,0
1385,2194,-156,4
1386,2186,-156,1
1387,2194,-157,0
1388,2176,-157,0
1389,2189,-158,0
1390,2189,-158,0
1391,2183,-159,3
1392,2183,-159,3
1393,2189,-159,2
1394,2180,-159,0
1395,2198,-160,0
1396,2183,-160,0
1397,2184,-160,0
1398,2178,-160,4
1399,2190,-161,0
1400,2190,-161,0
1401,2190,-162,0
1402,2187,-162,0
1403,2194,-161,1
1404,2191,-160,1
1405,2191,-160,1
1406,2176,-159,0
1407,2181,-158,0
1408,2192,-157,1
1409,2179,-156,1
1410,2177,-155,0
1411,2185,-153,4
1412,2187,-152,0
1413,2192,-151,0
1414,2188,-149,0
1415,2192,-148,6
1416,2182,-146,0
1417,2191,-144,0
1418,2191,-143,0
1419,2194,-141,0
1420,2194,-139,0
1421,2190,-137,1
1422,2194,-135,1
1423,2192,-133,0
1424,2177,-131,5
1425,2188,-129,0
1426,2181,-126,3
1427,2189,-124,2
1428,2176,-121,1
1429,2188,-119,2
1430,2188,-117,2
1431,2176,-114,2
1433,2186,-109,0
1435,2190,-103,0
1437,2186,-98,1
1439,2177,-92,0
1441,2190,-86,0
1443,2188,-80,0
1445,2191,-73,0
1447,2183,-67,1
1449,2202,-60,0
1451,2190,-53,3
1453,2190,-47,0
1455,2170,-40,0
1457,2188,-33,10
1459,2184,-26,0
1461,2186,-19,1
1463,2178,-13,1
1465,2192,-6,0
1467,2183,1,1
1469,2183,8,0
1471,2192,15,0
1473,2192,21,0
1475,2180,28,1
1477,2184,34,0
1479,2190,41,0
1481,2188,47,1
1483,2191,53,0
1484,2177,56,4
1485,2189,59,0
1487,2187,65,1
1488,2192,67,0
1489,2189,70,0
1491,2189,76,1
1492,2192,78,1
1493,2192,81,1
1495,2185,86,0
1496,2185,88,0
1497,2186,90,1
1499,2169,95,0
1500,2187,97,1
1501,2194,99,2
1503,2183,103,6
1504,2190,105,0
1505,2176,107,0
1507,2195,110,1
1508,2195,112,1
1509,2184,113,0
1511,2181,116,1
1512,2187,118,1
1513,2187,119,1
1515,2178,121,0
1516,2189,122,0
1517,2189,123,0
1519,2194,125,0
1520,2184,126,0
1521,2192,127,0
1523,2186,128,2
1524,2187,128,0
1525,2186,129,0
1527,2186,129,0
1528,2190,130,0
1529,2186,130,5
1531,2179,130,0
1532,2188,130,6
1533,2183,130,0
1535,2191,130,0
1536,2196,130,4
1537,2192,131,4
1539,2196,130,0
1540,2190,129,1
1541,2190,129,1
1543,2181,127,6
1544,2184,126,2
1545,2184,125,2
1547,2190,123,2
1548,2185,122,4
1549,2187,121,0
1551,2192,118,11
1552,2188,116,0
1553,2177,115,0
1554,2179,113,1
1555,2179,112,3
1556,2184,110,2
1557,2184,108,2
1558,2190,107,1
1559,2190,105,0
1560,2194,103,0
1561,2188,101,6
1562,2183,99,2
1563,2184,97,1
1564,2192,95,3
1565,2177,92,1
1566,2188,90,1
1567,2176,88,1
1568,2176,86,1
1569,2176,83,4
1570,2191,81,0
1571,2183,78,0
1572,2187,75,0
1573,2177,73,1
1574,2194,71,0
1575,2190,68,0
1576,2184,65,0
1577,2189,63,0
1578,2192,59,0
1579,2183,57,0
1580,2177,54,0
1581,2177,51,0
1582,2184,48,0
1583,2184,45,0
1584,2177,42,4
1585,2186,40,0
1586,2186,37,1
1587,2184,34,1
1588,2188,31,6
1589,2188,28,6
1590,2191,25,1
1591,2192,22,6
1592,2177,19,0
1593,2176,15,4
1594,2176,13,4
1595,2182,9,0
1596,2189,7,0
1597,2177,3,1
1598,2192,0,0
1599,2181,-3,3
1600,2179,-6,0
1601,2177,-9,0
1602,2196,-12,4
1603,2191,-15,0
1604,2192,-18,0
1605,2176,-21,2
1606,2184,-24,2
1607,2190,-27,2
1608,2184,-30,0
1609,2202,-33,0
1610,2187,-36,0
1611,2185,-39,0
1612,2184,-42,0
1613,2188,-45,1
1614,2186,-47,0
1615,2181,-50,0
1616,2186,-53,0
1617,2189,-55,0
1618,2176,-58,0
1619,2182,-61,1
1620,2190,-63,0
1621,2190,-66,0
1622,2181,-69,0
1623,2191,-71,1
1624,2178,-73,0
1625,2183,-76,0
1626,2190,-78,0
1627,2177,-81,0
1628,2192,-83,0
1629,2192,-85,0
1630,2192,-87,0
1631,2186,-89,0
1632,2192,-91,6
1633,2177,-93,0
1634,2191,-95,3
1635,2188,-97,0
1636,2188,-99,0
1637,2196,-101,2
1638,2177,-102,0
1639,2177,-104,0
1640,2188,-105,0
1641,2181,-107,2
1642,2190,-108,0
1643,2190,-110,0
1644,2200,-111,0
1645,2177,-112,0
1646,2177,-113,0
1647,2189,-115,0
1648,2188,-116,1
1649,2191,-117,4
1650,2191,-118,4
1651,2187,-119,0
1652,2192,-119,4
1653,2191,-121,3
1654,2187,-121,0
1655,2192,-122,0
1656,2192,-122,0
1657,2192,-123,0
1658,2192,-123,0
1659,2188,-123,0
1660,2188,-124,0
1661,2188,-124,0
1662,2177,-125,0
1663,2192,-125,0
1664,2189,-125,2
1665,2187,-125,0
1666,2177,-125,6
1667,2189,-125,0
1668,2176,-125,0
1669,2183,-125,0
1670,2183,-126,0
1671,2191,-126,2
1672,2189,-125,0
1673,2190,-125,0
1674,2183,-124,0
1675,2192,-123,0
1676,2190,-123,0
1677,2190,-122,0
1678,2173,-121,2
1679,2200,-120,1
1680,2192,-119,0
1681,2192,-118,0
1682,2187,-117,0
1683,2202,-116,4
1684,2190,-115,0
1685,2187,-113,2
1686,2186,-112,0
1687,2183,-111,1
1688,2191,-109,0
1689,2191,-108,6
1690,2189,-106,2
1691,2176,-105,0
1692,2192,-103,0
1693,2189,-101,6
1694,2190,-99,0
1695,2200,-98,1
1696,2184,-96,0
1697,2190,-94,4
1698,2177,-92,3
1699,2200,-90,3
1700,2184,-88,1
1701,2196,-86,3
1702,2194,-84,0
1703,2184,-81,0
1704,2181,-79,0
1705,2187,-77,0
1706,2181,-75,0
1707,2191,-72,0
1708,2188,-70,0
1709,2177,-67,0
1710,2186,-65,0
1711,2196,-63,0
1712,2196,-60,0
1713,2169,-58,0
1714,2192,-55,3
1715,2189,-53,0
1716,2192,-50,0
1717,2183,-48,0
1718,2176,-45,6
1719,2183,-42,0
1720,2194,-40,0
1721,2196,-37,8
1722,2192,-34,1
1723,2192,-32,1
1724,2184,-29,0
1725,2188,-26,0
1726,2188,-24,0
1727,2196,-21,0
1728,2186,-18,0
1729,2185,-16,6
1730,2191,-13,0
1731,2192,-10,0
1732,2192,-7,0
1733,2190,-5,0
1734,2173,-2,0
1735,2189,1,0
1736,2196,3,3
1737,2189,6,6
1738,2189,9,6
1739,2188,11,4
1740,2187,14,1
1741,2194,16,0
1742,2184,19,0
1743,2192,21,0
1744,2182,24,2
1745,2182,26,2
1746,2177,29,0
1747,2188,31,5
1748,2188,34,5
1749,2187,36,0
1750,2177,39,7
1751,2183,41,0
1752,2187,43,7
1753,2198,45,3
1754,2177,48,2
1755,2194,50,0
1756,2191,52,1
1757,2189,54,2
1758,2177,56,0
1759,2177,58,3
1760,2177,60,3
1761,2181,62,2
1762,2192,64,2
1763,2190,66,1
1764,2187,68,0
1765,2189,69,3
1766,2182,71,5
1767,2177,73,0
1768,2185,75,0
1769,2188,76,1
1770,2184,78,0
1771,2191,79,0
1772,2187,81,1
1773,2190,82,0
1774,2184,83,0
1775,2184,84,0
1776,2190,85,0
1777,2189,87,4
1778,2183,88,0
1779,2190,89,1
1780,2177,90,0
1781,2190,91,2
1782,2190,92,0
1783,2180,92,0
1784,2179,93,0
1785,2196,94,3
1786,2189,95,4
1787,2189,95,4
1788,2179,96,0
1789,2179,96,0
1790,2184,96,0
1791,2186,97,1
1792,2186,97,1
1793,2185,97,2
1794,2177,97,2
1795,2190,97,0
1796,2186,97,0
1797,2192,97,0
1798,2183,97,2
1799,2183,97,2
1800,2192,97,0
1801,2178,97,0
1802,2188,97,0
1803,2184,97,0
1804,2192,97,0
1805,2192,96,0
1806,2191,96,0
1807,2191,95,0
1808,2191,95,0
1809,2189,94,2
1810,2194,93,0
1811,2192,92,0
1812,2192,91,2
1813,2177,90,0
1814,2190,89,1
1815,2198,88,0
1816,2198,87,0
1818,2190,85,6
1820,2179,83,6
1822,2192,80,0
1824,2196,77,6
1826,2188,74,6
1828,2186,71,0
1830,2183,67,0
1832,2194,63,3
1834,2177,60,0
1836,2187,56,0
1838,2188,52,0
1840,2183,48,0
1842,2184,44,0
1844,2186,39,0
1846,2194,35,0
1848,2176,30,0
1850,2188,26,0
1852,2194,21,4
1854,2198,17,0
1856,2188,12,0
1858,2187,7,0
1860,2183,3,6
1862,2184,-2,0
1864,2192,-7,0
1866,2184,-12,0
1868,2177,-16,1
1870,2184,-21,1
1872,2188,-26,0
1871,2183,-23,0
1874,2184,-30,0
1875,2183,-32,1
1876,2183,-34,1
1878,2189,-39,0
1879,2189,-41,0
1880,2186,-43,0
1882,2192,-47,6
1883,2185,-49,0
1884,2200,-51,0
1886,2196,-55,0
1887,2190,-57,0
1888,2190,-59,0
1890,2192,-63,0
1891,2177,-64,0
1892,2182,-66,0
1894,2188,-69,0
1895,2182,-71,0
1896,2185,-73,1
1898,2192,-75,0
1899,2190,-77,0
1900,2187,-78,0
1902,2187,-81,0
1903,2183,-82,0
1904,2192,-83,6
1906,2192,-86,0
1907,2183,-87,0
1908,2194,-88,0
1910,2188,-89,6
1911,2190,-90,1
1912,2183,-91,0
1914,2189,-92,0
1915,2181,-93,0
1916,2181,-94,0
1918,2190,-95,0
1919,2190,-95,0
1920,2187,-96,1
1922,2186,-96,0
1923,2196,-96,2
1924,2189,-96,6
1926,2183,-97,1
1927,2183,-97,0
1928,2184,-97,0
1930,2179,-97,0
1931,2183,-97,0
1932,2192,-97,0
1934,2181,-98,4
1935,2190,-98,0
1936,2190,-99,0
1938,2184,-100,0
1939,2183,-100,0
1940,2187,-99,0
1942,2179,-98,1
1943,2188,-97,0
1944,2184,-96,0
1946,2186,-94,0
1947,2186,-93,0
1948,2184,-92,0
1949,2189,-91,6
1950,2183,-90,0
1951,2192,-89,0
1952,2184,-87,0
1953,2188,-86,0
1954,2178,-85,0
1955,2185,-84,0
1956,2194,-82,0
1957,2194,-81,0
1958,2177,-80,0
1959,2194,-78,1
1960,2194,-77,1
1961,2192,-75,2
1962,2192,-73,0
1963,2189,-72,0
1964,2184,-70,0
1965,2189,-69,0
1966,2189,-67,2
1967,2184,-65,0
1968,2200,-63,0
1969,2196,-61,2
1970,2184,-60,0
1971,2177,-58,0
1972,2186,-56,0
1973,2185,-54,0
1974,2184,-52,1
1975,2194,-50,0
1976,2175,-49,6
1977,2182,-47,0
1978,2184,-45,0
1979,2189,-43,0
1980,2186,-41,0
1981,2183,-39,0
1982,2176,-37,0
1983,2177,-35,0
1984,2192,-33,1
1985,2190,-31,0
1986,2192,-29,0
1987,2192,-27,0
1988,2192,-25,0
1989,2196,-23,2
1990,2183,-21,0
1991,2192,-19,2
1992,2192,-16,2
1993,2190,-14,0
1994,2190,-12,0
1995,2192,-10,0
1996,2192,-8,0
1997,2185,-6,0
1998,2192,-4,0
1999,2190,-2,0
2000,2190,0,0
2001,2186,2,0
2002,2191,3,0
2003,2179,5,0
2004,2189,7,0
2005,2191,9,1
2006,2192,11,0
2007,2186,13,4
2008,2186,15,4
2009,2189,17,0
2010,2192,19,0
2011,2177,20,0
2012,2177,22,0
2013,2193,24,0
2014,2189,26,1
2015,2196,27,8
2016,2183,29,0
2017,2183,30,0
2018,2182,32,0
2019,2194,34,0
2020,2192,35,0
2021,2192,37,0
2022,2186,38,0
2023,2188,39,2
2024,2188,41,2
2025,2191,42,2
2026,2177,44,0
2027,2177,45,1
2028,2190,46,0
2029,2200,47,0
2030,2200,49,0
2031,2183,50,0
2032,2190,51,0
2033,2184,52,0
2034,2181,53,0
2035,2187,54,0
2036,2189,55,0
2037,2189,56,0
2038,2187,57,0
2039,2196,57,0
2040,2183,58,0
2041,2190,59,3
2042,2192,59,0
2043,2177,60,4
2044,2192,61,0
2045,2189,61,0
2046,2192,62,0
2047,2185,62,1
2048,2187,63,0
2049,2182,63,0
2050,2190,63,0
2051,2189,63,1
2052,2190,64,0
2053,2187,64,0
2054,2188,64,6
2055,2188,64,6
2056,2183,64,4
2057,2190,64,1
2058,2187,64,0
2059,2187,64,0
2060,2188,64,0
2061,2190,64,0
2062,2189,64,1
2063,2188,64,0
2064,2176,64,1
2065,2177,64,0
2066,2183,65,0
2067,2181,65,2
2068,2188,64,0
2069,2191,63,1
2070,2177,63,1
2071,2187,63,6
2072,2186,62,0
2073,2186,61,1
2074,2194,60,0
2075,2194,59,1
2076,2184,59,1
2077,2185,58,0
2078,2185,57,0
2079,2186,56,1
2080,2186,55,2
2081,2190,54,0
2082,2176,53,3
2083,2177,52,0
2084,2192,51,0
2085,2186,49,0
2086,2194,48,0
2087,2188,47,0
2088,2188,46,0
2089,2190,45,1
2090,2202,43,0
2091,2182,42,0
2092,2184,41,6
2093,2196,39,0
2094,2188,38,0
2095,2192,36,0
2096,2185,35,0
2097,2184,33,0
2098,2191,32,0
2099,2190,30,4
2100,2179,29,4
2101,2184,27,0
2102,2192,26,0
2103,2183,24,0
2104,2191,22,2
2105,2191,21,2
2106,2179,19,1
2107,2183,17,3
2108,2189,16,1
2109,2184,14,2
2110,2186,12,0
2111,2189,11,0
2112,2191,9,0
2113,2188,7,0
2114,2188,5,0
2115,2192,4,3
2116,2192,2,3
2117,2190,1,0
2118,2189,-1,0
2119,2193,-3,6
2120,2183,-5,0
2121,2191,-7,4
2122,2184,-8,4
2123,2192,-10,0
2124,2192,-12,0
2125,2192,-14,0
2126,2192,-15,0
2127,2192,-17,0
2128,2187,-19,0
2129,2182,-21,3
2130,2189,-22,1
2131,2194,-24,4
2132,2188,-25,2
2133,2188,-27,2
2134,2188,-29,0
2135,2186,-30,0
2136,2192,-32,1
2137,2194,-34,0
2138,2192,-35,0
2139,2188,-37,0
2140,2190,-38,0
2141,2194,-40,0
2142,2192,-41,0
2143,2192,-43,1
2144,2186,-44,0
2145,2190,-45,0
2146,2190,-47,1
2147,2188,-48,0
2148,2188,-49,0
2149,2184,-51,6
2150,2169,-52,6
2151,2186,-53,0
2152,2192,-55,0
2153,2183,-56,1
2154,2191,-57,4
2155,2191,-58,4
2156,2181,-59,0
2157,2184,-60,4
2158,2184,-61,4
2159,2186,-62,2
2160,2196,-63,2
2161,2185,-64,2
2162,2188,-65,0
2163,2184,-66,0
2164,2184,-67,0
2165,2180,-68,1
2166,2189,-68,3
2167,2192,-69,0
2168,2191,-70,0
2169,2183,-70,2
2170,2177,-71,3
2171,2192,-71,0
2172,2176,-72,3
2173,2186,-73,1
2174,2186,-73,1
2175,2184,-73,0
2176,2188,-74,0
2177,2192,-74,6
2178,2180,-75,0
2179,2190,-75,0
2180,2196,-75,2
2181,2188,-75,0
2182,2177,-75,0
2183,2192,-75,0
2184,2179,-75,0
2185,2190,-75,0
2186,2185,-75,1
2187,2179,-75,4
2188,2189,-75,0
2189,2183,-75,0
2190,2184,-75,0
2191,2181,-75,0
2192,2186,-75,0
2193,2186,-75,0
2194,2192,-75,3
2195,2200,-76,0
2196,2187,-76,0
2197,2177,-75,0
2198,2186,-75,0
2199,2186,-75,1
2200,2179,-74,0
2201,2181,-73,0
2203,2188,-72,0
2205,2191,-71,1
2207,2186,-69,0
2209,2191,-67,6
2211,2191,-66,0
2213,2189,-64,6
2215,2196,-62,0
2217,2179,-60,0
2219,2189,-58,6
2221,2176,-55,4
2223,2192,-53,2
2225,2178,-50,0
2227,2192,-48,0
2229,2187,-45,0
2231,2186,-42,0
2233,2192,-40,0
2235,2184,-37,0
2237,2183,-34,0
2239,2186,-31,6
2241,2183,-28,2
2243,2192,-26,0
2245,2184,-23,0
2247,2190,-20,2
2249,2192,-17,0
2251,2169,-14,3
2253,2169,-11,3
2255,2188,-8,3
2256,2176,-7,1
2257,2185,-5,2
2259,2191,-2,1
2260,2184,-1,0
2261,2183,1,0
2263,2169,3,0
2264,2181,5,0
2265,2190,6,0
2267,2194,8,0
2268,2200,10,0
2269,2179,11,3
2271,2176,13,1
2272,2190,15,0
2273,2186,16,4
2275,2188,18,2
2276,2177,19,0
2277,2184,20,0
2279,2186,22,0
2280,2194,24,0
2281,2184,25,1
2283,2194,26,0
2284,2188,27,2
2285,2190,28,2
2287,2181,30,0
2288,2187,31,3
2289,2183,32,0
2291,2192,33,6
2292,2175,34,0
2293,2186,34,1
2295,2187,36,0
2296,2189,36,0
2297,2192,37,0
2299,2190,38,0
2300,2178,38,5
2301,2186,39,0
2303,2178,39,1
2304,2183,40,0
2305,2196,40,0
2307,2192,40,1
2308,2176,41,0
2309,2176,41,6
2311,2185,41,0
2312,2194,41,1
2313,2185,41,3
2315,2194,41,0
2316,2184,41,3
2317,2181,41,0
2319,2189,41,0
2320,2195,41,0
2321,2190,41,0
2322,2186,41,0
2323,2179,41,3
2324,2182,42,0
2325,2189,42,2
2326,2184,43,0
2327,2191,43,0
2328,2191,43,0
2329,2183,42,0
2330,2184,42,0
2331,2177,41,0
2332,2181,40,2
2333,2186,40,0
2334,2186,39,0
2335,2192,39,0
2336,2190,38,0
2337,2183,37,0
2338,2190,36,1
2339,2183,36,0
2340,2192,35,0
2341,2177,34,0
2342,2179,33,0
2343,2190,32,1
2344,2187,31,0
2345,2187,31,0
2346,2181,30,2
2347,2188,29,0
2348,2180,28,0
2349,2193,27,3
2350,2177,26,1
2351,2196,25,0
2352,2186,24,0
2353,2186,23,2
2354,2184,22,0
2355,2184,21,0
2356,2177,20,0
2357,2190,19,0
2358,2192,18,6
2359,2189,17,6
2360,2189,15,6
2361,2192,14,6
2362,2189,13,3
2363,2183,12,3
2364,2183,11,3
2365,2191,9,6
2366,2192,8,0
2367,2186,7,0
2368,2202,6,0
2369,2190,5,0
2370,2192,4,6
2371,2183,3,3
2372,2200,1,1
2373,2200,0,1
2374,2188,-1,0
2375,2184,-3,0
2376,2184,-3,0
2377,2186,-5,0
2378,2177,-6,1
2379,2177,-7,1
2380,2189,-9,2
2381,2196,-10,0
2382,2192,-11,0
2383,2185,-12,1
2384,2190,-13,1
2385,2192,-15,0
2386,2187,-16,0
2387,2185,-17,0
2388,2181,-18,0
2389,2192,-19,6
2390,2192,-20,6
2391,2179,-21,0
2392,2191,-22,0
2393,2186,-24,0
2394,2188,-25,0
2395,2192,-26,0
2396,2189,-27,0
2397,2186,-28,0
2398,2186,-29,0
2399,2188,-30,0
2400,2183,-31,3
2401,2189,-32,1
2402,2192,-33,0
2403,2194,-34,1
2404,2183,-35,0
2405,2188,-35,0
2406,2188,-36,3
2407,2180,-37,2
2408,2180,-38,2
2409,2192,-39,0
2410,2177,-40,3
2411,2191,-40,0
2412,2191,-41,0
2413,2189,-42,2
2414,2188,-43,0
2415,2187,-43,4
2416,2184,-44,4
2417,2184,-45,4
2418,2181,-45,0
2419,2177,-46,2
2420,2202,-46,0
2421,2189,-47,0
2422,2192,-47,3
2423,2194,-48,1
2424,2186,-49,0
2425,2191,-49,3
2426,2191,-49,0
2427,2191,-50,0
2428,2187,-50,0
2429,2186,-50,2
2430,2194,-51,1
2431,2200,-51,6
2432,2200,-51,6
2433,2183,-51,1
2434,2191,-51,1
2435,2189,-52,0
2436,2184,-52,0
2437,2186,-52,0
2438,2189,-52,0
2439,2179,-52,0
2440,2184,-52,0
2441,2191,-52,0
2442,2177,-52,2
2443,2176,-52,1
2444,2176,-52,1
2445,2186,-52,1
2446,2193,-52,0
2447,2177,-52,1
2448,2183,-52,0
2449,2177,-52,2
2450,2190,-52,0
2451,2184,-52,0
2452,2183,-51,0
2453,2184,-51,1
2454,2194,-51,0
2455,2182,-50,0
2456,2184,-50,2
2457,2183,-49,0
2458,2188,-49,6
2459,2188,-49,6
2460,2191,-48,0
2461,2169,-48,1
2462,2186,-47,2
2463,2181,-46,6
2464,2192,-46,0
2465,2186,-45,1
2466,2181,-45,6
2467,2194,-44,1
2468,2192,-43,0
2469,2192,-43,0
2470,2192,-42,2
2471,2188,-41,0
2472,2177,-41,3
2473,2177,-40,6
2474,2192,-39,0
2475,2192,-38,0
2476,2189,-38,0
2477,2179,-37,0
2478,2184,-36,0
2479,2196,-35,4
2480,2181,-34,0
2481,2188,-34,0
2482,2181,-33,1
2483,2183,-32,7
2484,2190,-31,1
2485,2185,-30,1
2486,2177,-29,0
2487,2184,-28,0
2488,2194,-27,0
2489,2180,-26,0
2490,2177,-26,3
2491,2192,-25,0
2492,2188,-24,10
2493,2184,-23,0
2494,2181,-22,0
2495,2189,-21,0
2496,2177,-20,0
2497,2177,-19,0
2498,2195,-18,0
2499,2202,-17,0
2500,2177,-16,1
2501,2185,-15,0
2502,2183,-14,0
2503,2183,-13,0
2504,2190,-12,0
2505,2185,-11,0
2506,2185,-10,0
2507,2190,-9,0
2508,2183,-8,3
2509,2185,-7,0
2510,2184,-6,0
2511,2188,-5,0
2512,2192,-5,2
2513,2188,-3,2
2514,2186,-3,1
2515,2188,-2,0
2516,2190,-1,6
2517,2184,0,0
2518,2189,1,2
2519,2184,2,1
2520,2188,3,0
2521,2186,4,0
2522,2200,5,0
2523,2198,5,0
2524,2179,6,0
2525,2184,7,0
2526,2184,8,6
2527,2177,9,0
2528,2190,9,1
2529,2189,10,10
2530,2196,11,2
2531,2187,11,2
2532,2190,12,0
2533,2183,13,1
2534,2182,14,1
2535,2191,14,0
2536,2189,15,0
2537,2183,16,4
2538,2189,16,0
2539,2184,17,0
2540,2192,18,0
2541,2192,18,0
2542,2184,18,0
2543,2184,19,0
2544,2188,19,2
2545,2188,20,2
2546,2182,21,1
2547,2190,21,0
2548,2181,21,0
2549,2194,22,0
2550,2183,22,0
2551,2188,23,0
2552,2190,23,1
2553,2187,23,0
2554,2190,24,0
2555,2189,24,4
2556,2177,24,3
2557,2192,24,3
2558,2177,24,1
2559,2192,25,0
2560,2188,25,0
2561,2189,25,0
2562,2180,25,2
2563,2184,25,3
2564,2187,25,1
2565,2200,25,0
2566,2178,25,1
2567,2184,25,0
2568,2187,25,0
2569,2190,25,0
2570,2196,25,0
2571,2181,25,1
2572,2192,25,0
2573,2190,25,0
2574,2183,25,0
2575,2193,25,0
2576,2189,25,0
2577,2189,25,3
2578,2173,25,3
2579,2185,25,0
2580,2192,25,1
2581,2179,25,0
2582,2184,26,0
2583,2191,26,4
2584,2191,26,4
2585,2167,27,3
2586,2181,27,0
2588,2185,26,10
2590,2190,25,1
2592,2184,24,1
2594,2183,23,0
2596,2190,22,0
2598,2190,21,0
2600,2188,20,0
2602,2188,19,0
2604,2187,18,0
2606,2183,17,0
2608,2183,15,0
2610,2183,14,3
2612,2177,13,1
2614,2189,11,0
2616,2192,10,0
2618,2192,8,0
2620,2185,7,4
2622,2187,5,0
2624,2192,4,0
2626,2189,2,0
2628,2192,1,1
2630,2187,-1,2
2632,2177,-2,0
2634,2188,-4,0
2636,2177,-5,0
2637,2192,-6,0
2638,2184,-7,1
2640,2183,-8,0
2641,2196,-9,3
2642,2190,-9,0
2644,2192,-11,0
2645,2177,-12,0
2646,2177,-12,0
2648,2192,-14,6
2649,2188,-14,0
2650,2188,-15,0
2652,2188,-16,0
2653,2190,-17,0
2654,2182,-17,0
2656,2199,-19,0
2657,2184,-19,0
2658,2188,-20,3
2660,2185,-21,2
2661,2186,-21,0
2662,2186,-22,0
2664,2192,-23,2
2665,2192,-23,0
2666,2192,-24,0
2668,2191,-25,1
2669,2186,-25,4
2670,2188,-25,0
2672,2192,-26,0
2673,2184,-26,0
2674,2184,-27,0
2676,2179,-27,0
2677,2189,-28,0
2678,2187,-28,0
2680,2181,-28,0
2681,2192,-29,1
2682,2192,-29,2
2684,2183,-29,3
2685,2190,-29,0
2686,2184,-29,1
2688,2184,-30,4
2689,2184,-30,4
2690,2190,-30,4
2692,2187,-30,0
2693,2192,-30,7
2694,2192,-30,0
2696,2192,-30,2
2697,2192,-30,0
2698,2187,-30,1
2700,2180,-30,0
2701,2195,-30,0
2702,2178,-30,0
2704,2183,-30,0
2705,2192,-30,0
2706,2178,-30,1
2708,2185,-31,6
2709,2185,-31,6
2710,2188,-31,0
2711,2183,-32,0
2712,2192,-32,0
2713,2181,-32,0
2714,2179,-32,0
2715,2191,-31,0
2716,2187,-31,0
2717,2188,-31,0
2718,2181,-30,1
2719,2190,-30,0
2720,2176,-30,0
2721,2176,-29,0
2722,2184,-29,0
2723,2190,-28,1
2724,2184,-28,0
2725,2186,-28,1
2726,2190,-27,2
2727,2185,-27,4
2728,2185,-26,4
2729,2200,-26,0
2730,2183,-25,0
2731,2188,-25,0
2732,2185,-25,0
2733,2177,-24,1
2734,2177,-24,1
2735,2177,-23,4
2736,2177,-23,4
2737,2192,-22,0
2738,2194,-22,1
2739,2187,-21,0
2740,2192,-21,0
2741,2183,-20,0
2742,2185,-19,3
2743,2192,-19,0
2744,2187,-18,0
2745,2188,-18,1
2746,2179,-17,2
2747,2184,-17,0
2748,2190,-16,0
2749,2184,-16,0
2750,2184,-15,0
2751,2190,-15,0
2752,2190,-14,0
2753,2189,-13,2
2754,2181,-13,8
2755,2186,-13,4
2756,2186,-12,0
2757,2190,-11,0
2758,2191,-11,2
2759,2189,-10,0
2760,2189,-10,1
2761,2179,-9,0
2762,2179,-9,0
2763,2189,-8,0
2764,2192,-8,0
2765,2189,-7,5
2766,2194,-7,0
2767,2183,-6,1
2768,2183,-5,1
2769,2181,-5,0
2770,2190,-5,2
2771,2177,-4,4
2772,2187,-3,1
2773,2186,-3,0
2774,2189,-3,2
2775,2191,-2,0
2776,2179,-2,0
2777,2194,-1,2
2778,2171,-1,0
2779,2190,-1,4
2780,2188,0,0
2781,2194,1,0
2782,2178,1,0
2783,2179,1,0
2784,2194,2,1
2785,2183,2,6
2786,2200,3,0
2787,2192,3,4
2788,2192,3,0
2789,2187,3,0
2790,2183,4,0
2791,2190,4,4
2792,2187,5,1
2793,2188,5,0
2794,2184,5,0
2795,2192,5,0
2796,2185,6,0
2797,2190,6,1
2798,2179,6,0
2799,2179,7,0
2800,2190,7,0
2801,2190,7,0
2802,2184,7,0
2803,2184,7,0
2804,2191,7,3
2805,2189,8,0
2806,2189,8,7
2807,2188,8,0
2808,2194,8,0
2809,2182,8,1
2810,2181,9,5
2811,2181,9,5
2812,2192,9,0
2813,2188,9,0
2814,2177,9,3
2815,2177,9,3
2816,2184,9,0
2817,2183,9,0
2818,2183,9,0
2819,2200,9,0
2820,2200,9,0
2821,2191,9,0
2822,2183,9,1
2823,2190,9,0
2824,2189,9,2
2825,2189,9,1
2826,2190,9,0
2827,2183,9,0
2828,2194,9,0
2829,2189,9,0
2830,2189,9,0
2831,2190,9,1
2832,2192,9,0
2833,2192,9,3
2834,2190,9,0
2835,2184,9,1
2836,2179,9,4
2837,2191,10,0
2838,2182,10,0
2839,2190,10,1
2840,2183,10,0
2841,2183,11,0
2842,2189,11,0
2843,2189,11,0
2844,2192,11,0
2845,2177,11,4
2846,2189,10,0
2847,2187,10,0
2848,2192,10,2
2849,2187,9,0
2850,2181,9,0
2851,2189,9,0
2852,2187,9,4
2853,2176,9,0
2854,2190,8,0
2855,2183,8,0
2856,2192,7,2
2857,2191,7,4
2858,2187,7,0
2859,2185,7,3
2860,2190,6,0
2861,2190,6,0
2862,2192,5,1
2863,2187,5,0
2864,2192,5,0
2865,2188,5,0
2866,2181,4,0
2867,2181,4,0
2868,2192,3,2
2869,2179,3,4
2870,2179,3,4
2871,2190,3,0
2872,2190,2,3
2873,2186,2,0
2874,2183,1,3
2875,2190,1,0
2876,2184,1,1
2877,2196,1,2
2878,2196,0,2
2879,2177,0,1
2880,2179,-1,0
2881,2188,-1,2
2882,2192,-1,2
2883,2177,-2,4
2884,2191,-2,3
2885,2187,-3,0
2886,2187,-3,0
2887,2192,-3,0
2888,2200,-3,1
2889,2200,-4,1
2890,2190,-4,0
2891,2194,-5,0
2892,2192,-5,0
2893,2191,-5,0
2894,2192,-6,0
2895,2196,-6,2
2896,2185,-6,0
2897,2185,-7,0
2898,2187,-7,0
2899,2185,-7,0
2900,2189,-8,0
2901,2169,-8,0
2902,2199,-8,0
2903,2188,-8,6
2904,2178,-9,0
2905,2196,-9,0
2906,2180,-9,1
2907,2187,-9,0
2908,2194,-10,0
2909,2194,-10,0
2910,2183,-10,1
2911,2181,-11,3
2912,2194,-11,2
2913,2194,-11,2
2914,2185,-11,0
2915,2192,-11,2
2916,2186,-11,1
2917,2177,-12,0
2918,2192,-12,0
2919,2200,-12,4
2920,2184,-12,0
2921,2190,-13,4
2922,2177,-13,2
2923,2178,-13,6
2924,2178,-13,6
2925,2179,-13,0
2926,2177,-13,3
2927,2191,-13,0
2928,2179,-14,0
2929,2182,-14,1
2930,2186,-14,0
2931,2192,-14,0
2932,2196,-14,1
2933,2187,-14,3
2934,2184,-14,4
2935,2192,-14,0
2936,2192,-14,0
2937,2190,-14,0
2938,2177,-14,0
2939,2188,-14,5
2940,2192,-14,4
2941,2192,-14,1
2942,2190,-14,1
2943,2190,-14,1
2944,2191,-14,0
2945,2192,-14,2
2946,2190,-14,0
2947,2200,-14,0
2948,2186,-14,0
2949,2181,-14,1
2950,2184,-14,4
2951,2177,-14,4
2952,2192,-14,6
2953,2189,-14,1
2954,2184,-14,0
2955,2194,-14,0
2956,2191,-14,0
2957,2193,-14,2
2958,2185,-14,3
2959,2185,-14,3
2960,2187,-14,0
2961,2186,-14,0
2962,2179,-14,0
2963,2186,-14,0
2964,2183,-14,0
2965,2179,-14,0
2966,2194,-14,2
2967,2183,-14,6
2968,2184,-14,0
2969,2177,-14,0
2970,2192,-15,2
2971,2192,-15,2
2973,2187,-15,0
2975,2177,-15,0
2977,2192,-16,0
2979,2192,-16,0
2981,2183,-15,0
2983,2192,-15,0
2985,2182,-15,3
2987,2182,-14,0
2989,2192,-14,0
2991,2192,-14,0
2993,2178,-13,0
2995,2196,-13,6
2997,2183,-13,2
2999,2188,-12,0
3001,2179,-12,0
3003,2192,-11,0
3005,2192,-11,0
3007,2187,-11,1
3009,2184,-10,0
3011,2177,-10,0
3013,2194,-10,1
3015,2189,-9,0
3017,2183,-9,4
3019,2186,-9,7
3021,2187,-8,0
3022,2176,-8,4
3023,2176,-8,4
3025,2192,-7,0
3026,2194,-7,1
3027,2192,-7,0
3029,2189,-7,0
3030,2189,-7,0
3031,2186,-7,0
3033,2188,-7,3
3034,2186,-6,0
3035,2194,-6,0
3037,2190,-6,0
3038,2181,-6,1
3039,2171,-6,2
3041,2192,-5,3
3042,2192,-5,3
3043,2190,-5,0
3045,2188,-5,0
3046,2194,-5,4
3047,2196,-5,0
3049,2176,-5,0
3050,2176,-5,0
3051,2184,-5,0
3053,2179,-5,2
3054,2194,-5,0
3055,2177,-5,0
3057,2190,-5,0
3058,2181,-5,0
3059,2181,-5,0
3061,2183,-5,1
3062,2190,-5,0
3063,2186,-5,0
3065,2192,-5,0
3066,2190,-5,0
3067,2190,-5,0
3069,2192,-5,2
3070,2188,-5,0
3071,2191,-5,4
3073,2177,-5,0
3074,2190,-5,0
3075,2179,-5,1
3077,2192,-5,0
3078,2192,-5,0
3079,2178,-5,1
3081,2182,-5,6
3082,2192,-5,2
3083,2192,-5,2
3085,2177,-5,0
3086,2183,-5,0
3087,2184,-5,0
3088,2192,-5,0
3089,2190,-5,0
3090,2186,-5,0
3091,2192,-5,0
3092,2190,-5,0
3093,2190,-5,0
3094,2184,-5,0
3095,2177,-5,0
3096,2198,-5,1
3097,2192,-5,0
3098,2194,-5,1
3099,2194,-5,1
3100,2183,-5,0
3101,2183,-5,0
3102,2171,-5,0
3103,2171,-5,0
3104,2181,-5,0
3105,2192,-5,0
3106,2171,-5,0
3107,2189,-5,6
3108,2187,-5,3
3109,2192,-5,0
3110,2186,-5,1
3111,2181,-5,0
3112,2189,-5,0
3113,2183,-6,0
3114,2176,-6,6
3115,2184,-6,0
3116,2183,-6,0
3117,2187,-6,0
3118,2183,-6,0
3119,2183,-6,0
3120,2187,-6,0
3121,2183,-6,2
3122,2183,-6,2
3123,2183,-6,0
3124,2192,-7,0
3125,2183,-7,2
3126,2186,-7,4
3127,2192,-7,0
3128,2192,-7,0
3129,2190,-7,4
3130,2182,-7,0
3131,2183,-7,1
3132,2189,-7,0
3133,2189,-7,0
3134,2188,-7,0
3135,2188,-7,0
3136,2181,-7,3
3137,2191,-7,0
3138,2183,-7,0
3139,2192,-7,0
3140,2177,-7,0
3141,2191,-7,0
3142,2185,-7,0
3143,2185,-7,0
3144,2194,-7,0
3145,2182,-7,0
3146,2178,-7,0
3147,2190,-7,0
3148,2192,-7,6
3149,2186,-7,0
3150,2193,-7,0
3151,2192,-7,1
3152,2189,-7,3
3153,2194,-7,0
3154,2191,-7,0
3155,2187,-7,0
3156,2187,-7,0
3157,2187,-7,2
3158,2181,-7,1
3159,2191,-7,0
3160,2177,-7,0
3161,2180,-7,0
3162,2189,-7,6
3163,2194,-7,0
3164,2194,-7,0
3165,2184,-7,0
3166,2184,-7,0
3167,2188,-7,0
3168,2182,-7,0
3169,2182,-7,0
3170,2196,-7,0
3171,2190,-7,0
3172,2181,-7,4
3173,2192,-7,4
3174,2189,-7,2
3175,2188,-7,0
3176,2187,-7,0
3177,2192,-7,0
3178,2188,-7,6
3179,2183,-7,3
3180,2182,-7,1
3181,2183,-7,4
3182,2188,-7,0
3183,2184,-7,0
3184,2192,-7,0
3185,2183,-7,1
3186,2184,-7,0
3187,2184,-7,0
3188,2186,-7,0
3189,2189,-7,2
3190,2194,-7,0
3191,2189,-7,0
3192,2189,-7,0
3193,2177,-7,0
3194,2189,-7,0
3195,2189,-7,0
3196,2186,-7,0
3197,2189,-7,0
3198,2192,-7,0
3199,2192,-7,0
3200,2191,-7,1
3201,2188,-7,0
3202,2188,-7,0
3203,2176,-7,1
3204,2194,-7,0
3205,2191,-7,0
3206,2191,-7,0
3207,2187,-7,1
3208,2176,-7,0
3209,2186,-7,1
3210,2186,-7,1
3211,2190,-7,4
3212,2183,-7,6
3213,2192,-7,0
3214,2183,-7,2
3215,2183,-7,2
3216,2186,-7,0
3217,2189,-7,4
3218,2184,-7,0
3219,2184,-7,0
3220,2192,-7,0
3221,2177,-7,0
3222,2190,-7,0
3223,2190,-7,0
3224,2169,-7,0
3225,2187,-7,0
3226,2188,-7,0
3227,2187,-7,0
3228,2189,-7,2
3229,2188,-7,0
3230,2188,-7,0
3231,2192,-7,6
3232,2181,-7,0
3233,2185,-7,0
3234,2185,-7,0
3235,2179,-7,3
3236,2179,-7,3
3237,2190,-7,0
3238,2189,-7,0
3239,2183,-7,0
3240,2189,-7,3
3241,2177,-7,0
3242,2192,-7,6
3243,2189,-7,0
3244,2177,-7,0
3245,2190,-7,0
3246,2172,-7,1
3247,2172,-7,1
3248,2179,-7,0
3249,2188,-7,0
3250,2188,-7,0
3251,2192,-7,0
3252,2167,-7,0
3253,2184,-7,1
3254,2186,-7,0
3255,2181,-7,2
3256,2192,-7,0
3257,2184,-7,0
3258,2187,-7,4
3259,2187,-7,4
3260,2200,-7,0
3261,2183,-7,0
3262,2200,-7,3
3263,2183,-7,3
3264,2187,-7,6
3265,2183,-7,0
3266,2183,-7,0
3267,2178,-7,0
3268,2192,-7,0
3269,2188,-7,0
3270,2181,-7,7
3271,2181,-7,2
3272,2182,-7,2
3273,2187,-7,0
3274,2189,-7,0
3275,2188,-7,0
3276,2190,-7,4
3277,2190,-7,4
3278,2190,-7,0
3279,2190,-7,0
3280,2187,-7,6
3281,2192,-7,6
3282,2176,-7,7
3283,2190,-7,0
3284,2196,-7,0
3285,2192,-7,6
3286,2181,-7,2
3287,2191,-7,0
3288,2179,-7,0
3289,2189,-7,0
3290,2194,-7,0
3291,2200,-7,1
3292,2200,-7,1
3293,2184,-7,0
3294,2184,-7,0
3295,2186,-7,0
3296,2191,-7,0
3297,2189,-7,0
3298,2186,-7,0
3299,2200,-7,0
3300,2191,-7,0
3301,2179,-7,0
3302,2179,-7,0
3303,2200,-7,1
3304,2177,-7,0
3305,2191,-7,0
3306,2189,-7,6
3307,2189,-7,6
3308,2185,-7,0
3309,2192,-7,1
3310,2192,-7,0
3311,2177,-7,2
3312,2177,-7,2
3313,2184,-7,4
3314,2192,-7,0
3315,2192,-7,0
3316,2183,-7,0
3317,2183,-7,6
3318,2183,-7,6
3319,2200,-7,0
3320,2183,-7,0
3321,2188,-7,0
3322,2184,-7,0
3323,2186,-7,0
3324,2192,-7,0
3325,2183,-7,0
3326,2192,-7,0
3327,2186,-7,0
3328,2191,-7,0
3329,2188,-8,3
3330,2190,-8,0
3331,2183,-8,0
3332,2200,-8,0
3333,2183,-8,0
3334,2183,-8,0
3335,2184,-8,0
3336,2190,-8,0
3337,2183,-8,0
3338,2187,-8,4
3339,2183,-8,0
3340,2190,-8,1
3341,2196,-8,0
3342,2190,-9,0
3343,2185,-9,0
3344,2184,-9,1
3345,2191,-10,0
3346,2191,-10,0
3347,2191,-10,0
3348,2189,-10,6
3349,2187,-11,0
3350,2189,-11,0
3351,2184,-11,0
3352,2176,-11,1
3353,2196,-11,7
3354,2192,-11,0
3355,2183,-11,0
3356,2194,-11,4
3358,2182,-11,0
3360,2177,-11,0
3362,2188,-11,4
3364,2188,-11,3
3366,2191,-11,0
3368,2190,-12,0
3370,2194,-12,3
3372,2181,-12,1
3374,2192,-12,2
3376,2177,-12,4
3378,2200,-12,1
3380,2183,-12,0
3382,2187,-12,1
3384,2183,-13,0
3386,2192,-13,0
3388,2191,-13,3
3390,2189,-13,0
3392,2193,-13,0
3394,2181,-13,0
3396,2186,-13,0
3398,2188,-13,0
3400,2193,-13,0
3402,2173,-13,3
3404,2186,-13,0
3406,2190,-14,0
3408,2194,-14,4
3410,2182,-14,0
3412,2192,-14,0
14,0,,
3414,2188,-14,0
3415,2177,-14,4
3416,2177,-14,4
3418,2190,-15,0
3419,2190,-15,0
3420,2186,-15,3
3422,2186,-15,3
3423,2188,-15,0
3424,2190,-15,0
3426,2187,-15,0
3427,2187,-15,0
3428,2184,-15,4
3430,2192,-15,2
3431,2171,-15,0
3432,2188,-15,0
3434,2187,-15,0
3435,2189,-16,6
3436,2190,-16,0
3438,2190,-15,6
3439,2188,-15,0
3440,2196,-15,0
3442,2189,-15,6
3443,2176,-15,0
3444,2182,-15,7
3446,2190,-15,6
3447,2190,-15,6
3448,2183,-15,0
3450,2188,-15,0
3451,2178,-15,3
3452,2181,-15,0
3454,2183,-15,0
3455,2189,-15,2
3456,2192,-14,0
3458,2189,-14,0
3459,2192,-14,0
3460,2192,-14,0
3462,2186,-14,0
3463,2178,-14,7
3464,2192,-14,0
3466,2185,-14,0
3467,2192,-14,0
3468,2186,-14,0
3470,2202,-13,0
3471,2187,-13,0
3472,2187,-13,0
3474,2192,-13,0
3475,2191,-13,0
3476,2192,-13,0
3478,2181,-13,0
3479,2181,-13,0
3480,2186,-13,0
3481,2186,-13,0
3482,2181,-13,0
3483,2187,-13,0
3484,2187,-13,0
3485,2184,-13,0
3486,2169,-13,0
3487,2183,-13,0
3488,2185,-13,2
3489,2181,-13,1
3490,2181,-13,0
3491,2192,-13,0
3492,2192,-13,0
3493,2189,-13,0
3494,2189,-13,0
3495,2202,-13,0
3496,2189,-13,0
3497,2191,-13,1
3498,2194,-13,0
3499,2177,-13,6
3500,2177,-13,0
3501,2183,-13,6
3502,2189,-13,0
3503,2192,-13,0
3504,2178,-13,0
3505,2192,-13,0
3506,2192,-13,0
3507,2183,-13,0
3508,2192,-13,6
3509,2199,-13,0
3510,2199,-13,0
3511,2191,-13,0
3512,2184,-13,0
3513,2183,-13,1
3514,2186,-13,1
3515,2186,-13,1
3516,2192,-13,0
3517,2189,-13,3
3518,2190,-13,1
3519,2192,-13,2
3520,2180,-13,0
3521,2181,-13,0
3522,2186,-13,0
3523,2187,-13,1
3524,2187,-13,1
3525,2188,-13,0
3526,2184,-13,0
3527,2191,-13,0
3528,2191,-13,0
3529,2189,-13,1
3530,2183,-13,6
3531,2192,-13,2
3532,2192,-13,2
3533,2186,-13,0
3534,2192,-13,1
3535,2192,-13,0
3536,2192,-13,0
3537,2179,-13,3
3538,2193,-13,0
3539,2193,-13,0
3540,2188,-13,0
3541,2191,-13,3
3542,2185,-13,3
3543,2192,-13,0
3544,2183,-13,2
3545,2183,-13,2
3546,2189,-13,1
3547,2186,-13,4
3548,2187,-13,0
3549,2187,-13,0
3550,2181,-13,2
3551,2193,-13,3
3552,2193,-13,3
3553,2187,-13,0
3554,2190,-13,0
3555,2183,-13,6
3556,2181,-13,0
3557,2192,-13,0
3558,2186,-13,1
3559,2188,-13,7
3560,2192,-13,0
3561,2184,-13,0
3562,2184,-13,0
3563,2186,-13,2
3564,2182,-13,0
3565,2185,-13,4
3566,2190,-13,0
3567,2200,-13,0
3568,2191,-13,0
3569,2184,-13,0
3570,2189,-13,2
3571,2184,-13,0
3572,2184,-13,0
3573,2179,-13,0
3574,2179,-13,0
3575,2184,-13,0
3576,2190,-13,1
3577,2195,-13,0
3578,2188,-13,0
3579,2183,-13,0
3580,2179,-13,0
3581,2190,-13,0
3582,2179,-13,0
3583,2187,-13,0
3584,2189,-13,0
3585,2182,-13,0
3586,2187,-13,0
3587,2189,-13,2
3588,2189,-13,0
3589,2192,-13,4
3590,2184,-13,0
3591,2188,-13,1
3592,2188,-13,1
3593,2192,-13,0
3594,2192,-13,0
3595,2183,-13,4
3596,2188,-13,1
3597,2196,-13,1
3598,2188,-13,0
3599,2191,-13,0
3600,2191,-13,1
3601,2191,-13,1
3602,2181,-13,1
3603,2173,-13,0
3604,2189,-13,0
3605,2189,-13,0
3606,2192,-13,0
3607,2192,-13,0
3608,2185,-13,0
3609,2185,-13,0
3610,2202,-13,0
3611,2202,-13,0
3612,2183,-13,2
3613,2189,-13,2
3614,2182,-13,0
3615,2188,-13,2
3616,2186,-13,1
3617,2184,-13,4
3618,2190,-13,2
3619,2202,-13,0
3620,2188,-13,0
3621,2190,-13,3
3622,2196,-13,6
3623,2178,-13,0
3624,2191,-13,0
3625,2191,-13,0
3626,2176,-13,4
3627,2189,-13,2
3628,2192,-13,2
3629,2188,-13,2
3630,2178,-13,0
3631,2187,-13,0
3632,2192,-13,2
3633,2176,-13,0
3634,2181,-13,0
3635,2185,-13,3
3636,2185,-13,3
3637,2192,-13,3
3638,2184,-13,1
3639,2184,-13,1
3640,2184,-13,1
3641,2188,-13,6
3642,2194,-13,0
3643,2188,-13,0
3644,2182,-13,7
3645,2192,-13,2
3646,2192,-13,2
3647,2200,-13,0
3648,2171,-13,0
3649,2182,-13,1
3650,2171,-13,0
3651,2171,-13,0
3652,2192,-13,6
3653,2184,-13,0
3654,2177,-13,0
3655,2186,-13,0
3656,2186,-13,0
3657,2180,-13,2
3658,2181,-13,2
3659,2188,-13,6
3660,2188,-13,6
3661,2186,-13,0
3662,2181,-13,8
3663,2181,-13,8
3664,2185,-13,2
3665,2180,-13,1
3666,2190,-13,0
3667,2178,-13,0
3668,2188,-13,0
3669,2183,-13,0
3670,2183,-13,1
3671,2186,-13,0
3672,2186,-13,0
3673,2186,-13,0
3674,2186,-13,1
3675,2186,-13,1
3676,2190,-13,0
3677,2191,-13,2
3678,2183,-13,0
3679,2186,-13,4
3680,2192,-13,0
3681,2192,-13,0
3682,2183,-13,0
3683,2196,-13,0
3684,2189,-13,0
3685,2189,-13,0
3686,2186,-13,4
3687,2179,-13,3
3688,2190,-13,0
3689,2190,-13,0
3690,2188,-13,3
3691,2183,-13,0
3692,2186,-13,2
3693,2184,-13,0
3694,2192,-13,2
3695,2184,-13,2
3696,2184,-13,2
3697,2184,-13,0
3698,2181,-13,0
3699,2186,-13,3
3700,2183,-13,0
3701,2184,-13,0
3702,2186,-13,3
3703,2190,-13,0
3704,2190,-13,0
3705,2190,-13,0
3706,2187,-13,1
3707,2182,-13,2
3708,2184,-13,0
3709,2179,-13,0
3710,2169,-13,0
3711,2169,-13,0
3712,2190,-13,0
3713,2196,-13,2
3714,2196,-13,2
3715,2181,-13,0
3716,2190,-13,0
3717,2184,-13,1
3718,2184,-13,1
3719,2177,-13,2
3720,2184,-13,0
3721,2196,-13,0
3722,2194,-13,0
3723,2183,-13,6
3724,2187,-13,4
3725,2187,-13,4
3726,2183,-13,0
3727,2188,-13,0
3728,2188,-13,0
3729,2189,-13,0
3730,2182,-13,0
3731,2192,-13,5
3732,2195,-13,0
3733,2194,-13,1
3734,2190,-13,0
3735,2171,-13,4
3736,2188,-13,3
3737,2192,-13,0
3738,2190,-13,0
3739,2191,-13,0
3740,2181,-13,0
3741,2181,-13,0
3743,2184,-13,0
3745,2187,-13,0
3747,2192,-13,0
3749,2192,-13,0
3751,2185,-13,4
3753,2190,-13,0
3755,2190,-13,1
3757,2188,-13,0
3759,2189,-13,1
3761,2186,-13,0
3763,2192,-13,0
3765,2191,-13,0
3767,2179,-13,0
3769,2180,-13,7
3771,2189,-13,0
3773,2185,-13,0
3775,2191,-13,1
3777,2192,-13,0
3779,2192,-13,0
3781,2190,-13,1
3783,2183,-13,0
3785,2177,-13,0
3787,2177,-13,0
3789,2187,-13,0
3791,2194,-13,0
3793,2186,-13,1
3795,2202,-13,0
3796,2202,-13,1
3797,2202,-13,1
3799,2183,-13,6
3800,2194,-13,0
3801,2194,-13,0
3803,2185,-13,0
3804,2192,-13,1
3805,2188,-13,0
3807,2192,-13,0
3808,2190,-13,6
