response of q1 from initial condition,,,
time,q1,q2,tau
0,537,-20,10
4,537,-20,0
8,533,-20,1
12,543,-20,0
16,543,-20,0
20,536,-20,10
24,541,-20,6
28,540,-20,0
32,543,-20,3
36,536,-20,0
40,540,-20,0
44,539,-20,0
48,537,-20,0
52,537,-20,0
56,537,-20,2
60,535,-20,2
64,532,-20,0
68,535,-20,6
72,543,-20,6
76,543,-20,6
80,540,-20,0
84,534,-20,1
88,535,-20,1
92,528,-20,0
96,536,-20,0
100,523,-20,4
104,539,-20,0
108,541,-20,0
112,542,-20,0
116,533,-20,0
120,531,-20,2
124,526,-20,0
128,530,-20,0
132,543,-20,2
136,531,-20,0
140,530,-20,6
144,528,-20,0
148,536,-20,1
152,543,-20,1
156,535,-20,4
160,541,-20,6
164,535,-20,1
168,537,-20,0
172,537,-20,0
176,541,-20,0
180,540,-20,1
184,538,-20,0
188,521,-20,0
192,523,-20,0
196,535,-20,0
200,543,-20,1
204,543,-20,4
208,529,-20,6
212,523,-20,0
216,537,-20,0
220,536,-20,6
224,540,-20,2
228,540,-20,0
232,527,-20,0
236,541,-20,0
240,530,-20,0
244,540,-20,0
248,533,-20,10
252,541,-20,2
256,523,-20,6
260,540,-20,6
264,539,-20,0
268,528,-20,0
272,525,-20,3
276,535,-20,0
280,542,-20,0
284,536,-20,0
288,546,-20,0
292,531,-20,0
296,536,-20,0
300,536,-20,4
304,536,-20,0
308,541,-20,0
312,535,-20,1
316,537,-20,0
320,540,-20,0
324,536,-20,1
328,542,-20,0
332,540,-20,2
336,536,-20,0
340,539,-20,0
344,537,-20,0
348,541,-20,2
352,541,-20,0
356,540,-20,3
360,535,-20,0
364,522,-20,4
368,536,-20,6
372,535,-20,7
376,525,-20,0
380,539,-20,0
384,540,-20,7
388,536,-20,0
392,536,-20,0
396,536,-20,0
400,520,-20,6
404,537,-20,4
408,539,-20,4
412,540,-20,0
416,536,-20,5
420,531,-20,3
424,541,-20,0
428,539,-20,0
432,542,-20,1
436,535,-20,0
440,536,-20,4
444,533,-20,0
448,540,-20,1
452,540,-20,0
456,539,-20,0
460,541,-20,0
464,531,-20,2
468,546,-20,1
472,535,-20,0
476,543,-20,0
480,543,-20,0
484,536,-20,0
488,546,-20,0
492,541,-20,0
496,552,-20,0
500,540,-20,0
504,538,-20,6
508,541,-20,0
512,541,-20,22
516,536,-20,0
520,533,-20,2
524,542,-20,4
528,542,-20,2
532,538,-20,0
536,540,-20,0
540,535,-20,0
544,522,-20,0
548,540,-20,0
552,541,-20,0
556,536,-20,0
560,538,-20,0
564,535,-20,1
568,536,-20,1
572,541,-20,0
576,523,-20,4
580,541,-20,6
584,537,-20,3
588,536,-20,2
592,540,-20,0
596,537,-20,0
600,538,-20,0
604,541,-20,1
608,536,-20,0
612,543,-20,1
616,527,-20,0
620,538,-20,1
624,528,-20,0
628,538,-20,0
632,531,-20,2
636,535,-20,0
640,540,-20,0
644,541,-20,2
648,530,-20,2
652,542,-20,0
656,537,-20,0
660,523,-20,1
664,541,-20,6
668,542,-20,0
672,543,-20,6
676,535,-20,0
680,532,-20,0
684,535,-20,1
688,530,-20,0
692,534,-20,0
696,542,-20,0
700,536,-20,0
704,537,-20,7
708,535,-20,0
712,543,-20,0
716,541,-20,0
720,537,-20,3
724,542,-20,0
728,542,-20,4
732,535,-20,4
736,536,-20,0
740,538,-20,4
744,541,-20,0
748,535,-20,0
752,548,-20,4
756,537,-20,0
760,538,-20,0
764,537,-20,7
768,547,-20,0
772,535,-20,0
776,533,-20,4
780,539,-20,0
784,536,-20,0
788,527,-20,2
792,547,-20,1
796,531,-20,1
800,541,-20,2
804,543,-20,2
808,546,-20,0
812,536,-20,0
816,540,-20,0
820,541,-20,0
824,546,-20,0
828,539,-20,1
832,538,-20,0
836,551,-20,0
840,555,-20,2
844,574,-20,0
848,567,-20,0
852,579,-20,0
856,571,-20,0
860,595,-20,0
864,579,-20,0
868,597,-20,0
872,618,-20,0
876,626,-20,0
880,635,-20,0
884,641,-20,0
888,646,-20,4
892,660,-20,0
896,663,-20,0
900,673,-20,0
904,698,-20,15
908,701,-20,0
912,709,-20,0
916,735,-20,2
920,736,-20,1
924,748,-20,0
928,769,-20,0
932,783,-20,0
936,800,-20,0
940,812,-20,6
944,834,-20,0
948,838,-20,0
952,853,-20,1
956,874,-20,4
960,882,-20,0
964,897,-20,4
968,912,-20,0
972,913,-20,0
976,941,-20,0
980,945,-20,0
984,967,-19,1
988,987,-19,3
992,1000,-19,1
996,1017,-19,3
1000,1037,-19,0
1004,1055,-19,0
1008,1066,-19,0
1012,1098,-19,3
1016,1091,-19,2
1020,1120,-19,1
1024,1158,-19,1
1028,1153,-19,1
1032,1179,-19,0
1036,1210,-19,1
1040,1222,-19,0
1044,1240,-19,0
1048,1262,-19,1
1052,1262,-18,1
1056,1296,-18,0
1060,1313,-18,0
1064,1333,-18,0
1068,1360,-18,0
1072,1376,-18,6
1076,1399,-18,0
1080,1428,-18,10
1084,1436,-18,1
1088,1456,-17,3
1092,1479,-17,1
1096,1489,-17,3
1100,1519,-17,6
1104,1546,-17,0
1108,1565,-16,0
1112,1585,-16,0
1116,1608,-16,0
1120,1628,-16,0
1124,1648,-16,0
1128,1669,-16,0
1132,1692,-16,6
1136,1709,-16,4
1140,1738,-16,0
1144,1737,-16,0
1148,1770,-16,4
1152,1794,-16,2
1156,1807,-16,0
1160,1829,-16,3
1164,1845,-16,0
1168,1866,-16,0
1172,1890,-15,4
1176,1896,-15,4
1180,1909,-15,2
1184,1936,-15,0
1188,1956,-15,5
1192,1965,-15,0
1196,1991,-15,0
1200,1995,-15,0
1204,2016,-15,0
1208,2040,-15,4
1212,2060,-15,0
1216,2079,-15,4
1220,2096,-15,0
1224,2117,-15,3
1228,2127,-15,4
1232,2125,-15,0
1236,2164,-15,0
1240,2161,-15,0
1244,2186,-15,0
1248,2198,-15,0
1252,2200,-15,6
1256,2218,-15,0
1260,2232,-15,0
1264,2237,-15,4
1268,2266,-15,0
1272,2282,-15,0
1276,2283,-15,0
1280,2283,-15,0
1284,2299,-15,0
1288,2307,-15,0
1292,2325,-15,0
1296,2338,-15,1
1300,2346,-15,1
1304,2355,-15,1
1308,2353,-15,7
1312,2378,-15,4
1316,2383,-15,0
1320,2408,-15,0
1324,2402,-15,3
1328,2399,-15,3
1332,2414,-15,0
1336,2410,-15,5
1340,2415,-15,3
1344,2422,-15,0
1348,2423,-15,0
1352,2432,-15,0
1356,2444,-15,2
1360,2440,-15,0
1364,2441,-15,1
1368,2453,-15,0
1372,2458,-15,0
1376,2455,-15,3
1380,2450,-15,1
1384,2464,-15,1
1388,2468,-15,6
1392,2455,-15,0
1396,2461,-15,0
1400,2447,-15,11
1404,2455,-15,3
1408,2463,-15,0
1412,2455,-15,6
1416,2460,-15,0
1420,2445,-15,1
1424,2463,-15,0
1428,2464,-15,0
1432,2459,-15,0
1436,2460,-15,6
1440,2458,-15,0
1444,2458,-15,0
1448,2462,-15,0
1452,2455,-15,1
1456,2453,-15,3
1460,2463,-15,0
1464,2461,-15,10
1468,2460,-15,1
1472,2455,-15,0
1476,2439,-15,1
1480,2431,-15,2
1484,2433,-15,0
1488,2416,-15,0
1492,2411,-15,0
1496,2408,-15,0
1500,2393,-15,0
1504,2382,-15,0
1508,2373,-15,0
1512,2366,-15,0
1516,2360,-15,4
1520,2346,-15,1
1524,2335,-15,3
1528,2318,-15,4
1532,2310,-15,3
1536,2299,-15,0
1540,2299,-15,0
1544,2282,-15,0
1548,2260,-15,0
1552,2239,-15,0
1556,2244,-15,10
1560,2228,-15,1
1564,2208,-15,0
1568,2202,-15,2
1572,2174,-15,1
1576,2163,-15,0
1580,2154,-15,0
1584,2135,-15,0
1588,2119,-15,2
1592,2099,-15,1
1596,2084,-15,0
1600,2074,-15,0
1604,2059,-15,0
1608,2021,-15,3
1612,2009,-15,0
1616,2010,-15,4
1620,1975,-15,0
1624,1970,-15,14
1628,1952,-15,0
1632,1920,-15,0
1636,1917,-15,0
1640,1898,-15,4
1644,1865,-15,0
1648,1860,-15,0
1652,1840,-15,0
1656,1823,-15,6
1660,1793,-15,0
1664,1788,-15,0
1668,1768,-15,1
1672,1737,-15,1
1676,1726,-15,0
1680,1696,-15,1
1684,1680,-15,1
1688,1674,-15,4
1692,1656,-15,0
1696,1627,-15,0
1700,1607,-15,2
1704,1579,-15,6
1708,1586,-15,0
1712,1554,-15,1
1716,1534,-15,0
1720,1511,-15,0
1724,1485,-15,0
1728,1461,-15,0
1732,1463,-15,0
1736,1444,-15,0
1740,1415,-15,0
1744,1393,-15,4
1748,1380,-15,0
1752,1370,-15,2
1756,1345,-15,0
1760,1338,-15,0
1764,1311,-15,0
1768,1296,-15,3
1772,1272,-15,6
1776,1261,-15,2
1780,1227,-15,0
1784,1223,-15,0
1788,1196,-15,1
1792,1190,-15,1
1796,1176,-15,0
1800,1159,-15,4
1804,1143,-15,0
1808,1128,-15,0
1812,1116,-15,3
1816,1102,-15,0
1820,1079,-15,0
1824,1071,-15,0
1828,1054,-15,2
1832,1033,-15,7
1836,1031,-15,0
1840,1020,-15,6
1844,987,-15,0
1848,989,-15,0
1852,979,-15,4
1856,965,-15,0
1860,950,-15,2
1864,937,-15,0
1868,925,-15,0
1872,925,-15,7
1876,911,-15,6
1880,911,-15,6
1884,890,-15,2
1888,875,-15,1
1892,879,-15,0
1896,862,-15,6
1900,854,-15,1
1904,852,-15,0
1908,842,-15,0
1912,816,-15,0
1916,823,-15,0
1920,814,-15,0
1924,807,-15,0
1928,812,-15,0
1932,799,-15,0
1936,796,-15,6
1940,794,-15,0
1944,786,-15,1
1948,783,-15,4
1952,769,-15,0
1956,769,-15,0
1960,767,-15,0
1964,763,-15,1
1968,755,-15,0
1972,767,-15,6
1976,764,-15,0
1980,759,-15,2
1984,770,-15,0
1988,772,-15,0
1992,760,-15,4
1996,765,-15,3
2000,766,-15,0
2004,764,-15,0
2008,757,-15,0
2012,770,-15,0
2016,770,-15,0
2020,765,-15,0
2024,759,-15,0
2028,770,-15,0
2032,747,-15,1
2036,759,-15,0
2040,760,-15,0
2044,749,-15,0
2048,770,-15,0
2052,774,-15,0
2056,762,-15,1
2060,759,-15,1
2064,763,-15,0
2068,780,-15,0
2072,796,-15,3
2076,814,-15,10
2080,831,-15,0
2084,852,-15,0
2088,878,-15,0
2092,886,-15,0
2096,916,-15,0
2100,939,-15,2
2104,973,-15,6
2108,980,-15,0
2112,1021,-15,0
2116,1050,-15,1
2120,1080,-15,4
2124,1105,-15,0
2128,1148,-15,0
2132,1180,-15,0
2136,1215,-15,6
2140,1251,-15,0
2144,1285,-15,0
2148,1322,-15,0
2152,1360,-15,3
2156,1396,-15,0
2160,1431,-15,0
2164,1444,-15,1
2168,1457,-15,0
2172,1508,-15,0
2176,1513,-15,1
2180,1544,-15,2
2184,1583,-15,0
2188,1601,-15,0
2192,1619,-15,4
2196,1653,-15,6
2200,1677,-15,0
2204,1695,-15,6
2208,1727,-15,1
2212,1755,-15,1
2216,1769,-15,1
2220,1807,-15,0
2224,1822,-15,6
2228,1840,-15,0
2232,1866,-15,0
2236,1885,-15,4
2240,1908,-15,0
2244,1938,-15,0
2248,1948,-15,3
2252,1968,-15,0
2256,2002,-15,1
2260,2012,-15,0
2264,2016,-15,0
2268,2043,-15,0
2272,2070,-15,4
2276,2084,-15,0
2280,2116,-15,4
2284,2119,-15,0
2288,2131,-15,0
2292,2160,-15,0
2296,2167,-15,1
2300,2181,-15,1
2304,2204,-15,0
2308,2197,-15,0
2312,2219,-15,1
2316,2238,-15,0
2320,2250,-15,5
2324,2259,-15,0
2328,2279,-15,0
2332,2284,-15,0
2336,2281,-15,2
2340,2293,-15,4
2344,2309,-15,0
2348,2318,-15,0
2352,2330,-15,0
2356,2328,-15,0
2360,2331,-15,0
2364,2346,-15,0
2368,2339,-15,0
2372,2351,-15,0
2376,2346,-15,0
2380,2357,-15,3
2384,2357,-15,0
2388,2362,-15,0
2392,2366,-15,2
2396,2351,-15,0
2400,2370,-15,0
2404,2366,-15,0
2408,2357,-15,6
2412,2365,-15,0
2416,2372,-15,1
2420,2368,-15,0
2424,2364,-15,0
2428,2368,-15,0
2432,2355,-15,0
2436,2365,-15,0
2440,2376,-15,0
2444,2355,-15,0
2448,2349,-15,1
2452,2370,-15,0
2456,2361,-15,2
2460,2365,-15,6
2464,2366,-15,1
2468,2368,-15,8
2472,2347,-15,0
2476,2360,-15,0
2480,2356,-15,0
2484,2356,-15,6
2488,2344,-15,1
2492,2339,-15,0
2496,2328,-15,0
2500,2332,-15,0
2504,2320,-15,0
2508,2314,-15,1
2512,2307,-15,6
2516,2301,-15,0
2520,2288,-15,1
2524,2286,-15,3
2528,2264,-15,0
2532,2259,-15,0
2536,2231,-15,0
2540,2244,-15,3
2544,2233,-15,0
2548,2218,-15,1
2552,2210,-15,0
2556,2194,-15,0
2560,2184,-15,0
2564,2172,-15,0
2568,2155,-15,0
2572,2154,-15,0
2576,2135,-15,0
2580,2117,-15,4
2584,2108,-15,0
2588,2092,-15,6
2592,2090,-15,0
2596,2074,-15,0
2600,2055,-15,0
2604,2029,-15,0
2608,2019,-15,0
2612,2010,-15,0
2616,1983,-15,1
2620,1981,-15,0
2624,1957,-15,0
2628,1944,-15,0
2632,1925,-15,0
2636,1901,-15,0
2640,1895,-15,4
2644,1873,-15,1
2648,1851,-15,0
2652,1839,-15,0
2656,1824,-15,4
2660,1816,-15,1
2664,1796,-15,0
2668,1778,-15,1
2672,1764,-15,0
2676,1729,-15,3
2680,1724,-15,0
2684,1714,-15,3
2688,1695,-15,0
2692,1670,-15,4
2696,1655,-15,10
2700,1644,-15,0
2704,1630,-15,1
2708,1603,-15,6
2712,1594,-15,0
2716,1566,-15,0
2720,1551,-15,0
2724,1538,-15,2
2728,1507,-15,2
2732,1501,-15,1
2736,1480,-15,1
2740,1472,-15,0
2744,1452,-15,6
2748,1434,-15,0
2752,1401,-15,0
2756,1385,-15,0
2760,1380,-15,4
2764,1380,-15,4
2768,1342,-15,0
2772,1344,-15,0
2776,1314,-15,0
2780,1303,-15,2
2784,1293,-15,0
2788,1259,-15,3
2792,1264,-15,0
2796,1241,-15,6
2800,1225,-15,3
2804,1213,-15,2
2808,1202,-15,0
2812,1192,-15,3
2816,1161,-15,0
2820,1147,-15,0
2824,1140,-15,0
2828,1127,-15,2
2832,1104,-15,0
2836,1100,-15,6
2840,1092,-15,2
2844,1065,-15,0
2848,1068,-15,0
2852,1061,-15,0
2856,1051,-15,3
2860,1038,-15,0
2864,1024,-15,6
2868,1012,-15,0
2872,992,-15,0
2876,997,-15,0
2880,978,-15,0
2884,979,-15,0
2888,967,-15,1
2892,962,-15,0
2896,937,-15,1
2900,937,-15,1
2904,919,-15,0
2908,925,-15,0
2912,920,-15,1
2916,912,-15,0
2920,898,-15,1
2924,906,-15,0
2928,893,-15,0
2932,875,-15,2
2936,887,-15,0
2940,883,-15,1
2944,864,-15,1
2948,864,-15,0
2952,866,-15,1
2956,856,-15,0
2960,859,-15,1
2964,849,-15,0
2968,863,-15,0
2972,853,-15,10
2976,852,-15,0
2980,862,-15,0
2984,846,-15,0
2988,861,-15,0
2992,854,-15,0
2996,860,-15,0
3000,855,-15,1
3004,845,-15,6
3008,858,-15,0
3012,855,-15,0
3016,849,-15,4
3020,855,-15,0
3024,860,-15,0
3028,858,-15,0
3032,860,-15,6
3036,849,-15,3
3040,860,-15,0
3044,861,-15,1
3048,854,-15,0
3052,842,-15,6
3056,845,-15,1
3060,855,-15,0
3064,858,-15,0
3068,843,-15,0
3072,862,-15,0
3076,859,-15,0
3080,876,-15,0
3084,864,-15,0
3088,884,-15,3
3092,896,-15,4
3096,891,-15,0
3100,920,-15,0
3104,919,-15,0
3108,932,-15,1
3112,943,-15,0
3116,954,-15,0
3120,966,-15,0
3124,959,-15,3
3128,978,-15,6
3132,992,-15,0
3136,993,-15,0
3140,1014,-15,0
3144,1023,-15,0
3148,1027,-15,0
3152,1048,-15,10
3156,1057,-15,0
3160,1079,-15,1
3164,1094,-15,0
3168,1107,-15,0
3172,1114,-15,0
3176,1121,-15,0
3180,1140,-15,0
3184,1158,-15,1
3188,1182,-15,0
3192,1198,-15,0
3196,1200,-15,0
3200,1218,-15,2
3204,1224,-15,0
3208,1253,-15,0
3212,1257,-15,0
3216,1280,-15,3
3220,1297,-15,0
3224,1322,-15,0
3228,1330,-15,6
3232,1355,-15,0
3236,1364,-15,0
3240,1377,-15,2
3244,1400,-15,6
3248,1412,-15,0
3252,1417,-15,3
3256,1456,-15,0
3260,1464,-15,3
3264,1482,-15,0
3268,1496,-15,3
3272,1515,-15,0
3276,1528,-15,0
3280,1544,-15,0
3284,1568,-15,1
3288,1586,-15,0
3292,1600,-15,0
3296,1600,-15,0
3300,1631,-15,0
3304,1648,-15,0
3308,1669,-15,0
3312,1690,-15,0
3316,1701,-15,0
3320,1716,-15,0
3324,1723,-15,0
3328,1747,-15,0
3332,1765,-15,0
3336,1775,-15,0
3340,1789,-15,0
3344,1813,-15,1
3348,1828,-15,0
3352,1841,-15,0
3356,1856,-15,0
3360,1864,-15,2
3364,1890,-15,0
3368,1903,-15,1
3372,1911,-15,0
3376,1930,-15,0
3380,1943,-15,4
3384,1957,-15,0
3388,1976,-15,0
3392,1984,-15,0
3396,1998,-15,0
3400,2005,-15,0
3404,2020,-15,5
3408,2035,-15,6
3412,2040,-15,3
3416,2072,-15,0
3420,2074,-15,2
3424,2080,-15,3
3428,2085,-15,1
3432,2110,-15,0
3436,2126,-15,1
3440,2149,-15,0
3444,2161,-15,0
3448,2179,-15,0
3452,2197,-15,0
3456,2207,-15,0
3460,2222,-15,0
3464,2217,-15,4
3468,2240,-15,1
3472,2247,-15,2
3476,2263,-15,0
3480,2259,-15,0
3484,2270,-15,0
3488,2266,-15,1
3492,2274,-15,0
3496,2271,-15,3
3500,2275,-15,0
3504,2273,-15,0
3508,2269,-15,2
3512,2272,-15,6
3516,2261,-15,1
3520,2271,-15,2
3524,2277,-15,0
3528,2275,-15,6
3532,2282,-15,2
3536,2269,-15,1
3540,2263,-15,0
3544,2256,-15,7
3548,2235,-15,0
3552,2240,-15,4
3556,2236,-15,0
3560,2224,-15,2
3564,2199,-15,0
3568,2206,-15,6
3572,2194,-15,0
3576,2167,-15,0
3580,2157,-15,2
3584,2147,-15,0
3588,2132,-15,0
3592,2130,-15,0
3596,2097,-15,2
3600,2087,-15,0
3604,2072,-15,0
3608,2060,-15,3
3612,2027,-15,0
3616,2021,-15,0
3620,2008,-15,0
3624,1990,-15,3
3628,1974,-15,3
3632,1956,-15,1
3636,1931,-15,0
3640,1905,-15,0
3644,1902,-15,5
3648,1872,-15,6
3652,1857,-15,1
3656,1833,-15,0
3660,1809,-15,2
3664,1798,-15,0
3668,1790,-15,6
3672,1743,-15,0
3676,1735,-15,0
3680,1716,-15,1
3684,1692,-15,1
3688,1669,-15,0
3692,1652,-15,0
3696,1619,-15,0
3700,1605,-15,1
3704,1597,-15,0
3708,1559,-15,2
3712,1531,-15,0
3716,1527,-15,0
3720,1502,-15,1
3724,1477,-15,0
3728,1469,-15,4
3732,1431,-15,2
3736,1419,-15,5
3740,1406,-15,0
3744,1387,-15,1
3748,1380,-15,4
3752,1339,-15,0
3756,1334,-15,2
3760,1320,-15,4
3764,1304,-15,0
3768,1301,-15,0
3772,1273,-15,2
3776,1266,-15,7
3780,1252,-15,0
3784,1237,-15,6
3788,1232,-15,0
3792,1215,-15,0
3796,1208,-15,0
3800,1194,-15,0
3804,1168,-15,0
3808,1173,-15,0
3812,1152,-15,0
3816,1139,-15,0
3820,1135,-15,0
3824,1130,-15,1
3828,1109,-15,0
3832,1096,-15,0
3836,1099,-15,0
3840,1080,-15,0
3844,1082,-15,0
3848,1057,-15,2
3852,1066,-15,0
3856,1050,-15,0
3860,1041,-15,3
3864,1036,-15,0
3868,1030,-15,0
3872,1020,-15,0
3876,1014,-15,0
3880,992,-15,1
3884,994,-15,0
3888,984,-15,2
3892,982,-15,0
3896,983,-15,1
3900,979,-15,0
3904,961,-15,0
3908,974,-15,0
3912,961,-15,6
3916,957,-15,3
3920,954,-15,0
3924,955,-15,0
3928,939,-15,3
3932,931,-15,2
3936,940,-15,4
3940,944,-15,0
3944,946,-15,6
3948,941,-15,0
3952,933,-15,0
3956,935,-15,0
3960,937,-15,5
3964,942,-15,0
3968,935,-15,0
3972,932,-15,0
3976,936,-15,0
3980,936,-15,0
3984,928,-15,0
3988,932,-15,0
3992,944,-15,0
3996,941,-15,0
4000,941,-15,0
4004,938,-15,2
4008,941,-15,0
4012,944,-15,0
4016,937,-15,4
4020,939,-15,1
4024,928,-15,7
4028,939,-15,2
4032,919,-15,0
4036,942,-15,6
4040,933,-15,0
4044,941,-15,0
4048,936,-15,0
4052,951,-15,0
4056,953,-15,0
4060,964,-15,0
4064,975,-15,2
4068,982,-15,1
4072,974,-15,0
4076,993,-15,0
4080,999,-15,0
4084,1007,-15,2
4088,1018,-15,0
4092,1030,-15,4
4096,1031,-15,3
4100,1055,-15,0
4104,1061,-15,0
4108,1066,-15,0
4112,1084,-15,0
4116,1092,-15,5
4120,1091,-15,3
4124,1122,-15,2
4128,1131,-15,4
4132,1131,-15,4
4136,1158,-15,0
4140,1168,-15,0
4144,1165,-15,1
4148,1187,-15,0
4152,1208,-15,0
4156,1216,-15,5
4160,1203,-15,0
4164,1243,-15,0
4168,1256,-15,2
4172,1274,-15,3
4176,1287,-15,0
4180,1293,-15,0
4184,1316,-15,1
4188,1320,-15,0
4192,1344,-15,0
4196,1368,-15,7
4200,1370,-15,0
4204,1377,-15,0
4208,1389,-15,6
4212,1411,-15,6
4216,1427,-15,0
4220,1447,-15,0
4224,1462,-15,6
4228,1484,-15,0
4232,1494,-15,1
4236,1510,-15,1
4240,1524,-15,2
4244,1544,-15,1
4248,1544,-15,1
4252,1576,-15,4
4256,1589,-15,0
4260,1583,-15,0
4264,1621,-15,0
4268,1629,-15,0
4272,1649,-15,0
4276,1653,-15,0
4280,1667,-15,0
4284,1687,-15,6
4288,1706,-15,0
4292,1719,-15,4
4296,1732,-15,0
4300,1749,-15,6
4304,1751,-15,4
4308,1761,-15,0
4312,1775,-15,0
4316,1805,-15,6
4320,1822,-15,4
4324,1829,-15,1
4328,1850,-15,6
4332,1856,-15,6
4336,1867,-15,6
4340,1886,-15,2
4344,1879,-15,0
4348,1914,-15,0
4352,1930,-15,1
4356,1930,-15,0
4360,1933,-15,1
4364,1952,-15,0
4368,1969,-15,0
4372,1976,-15,2
4376,1988,-15,0
4380,2003,-15,0
4384,2015,-15,0
4388,2026,-15,0
4392,2026,-15,0
4396,2046,-15,0
4400,2056,-15,3
4404,2052,-15,0
4408,2069,-15,0
4412,2090,-15,0
4416,2091,-15,0
4420,2090,-15,0
4424,2099,-15,0
4428,2104,-15,0
4432,2122,-15,0
4436,2113,-15,1
4440,2138,-15,0
4444,2140,-15,0
4448,2131,-15,4
4452,2137,-15,0
4456,2149,-15,6
4460,2153,-15,2
4464,2167,-15,0
4468,2161,-15,6
4472,2165,-15,2
4476,2174,-15,0
4480,2174,-15,0
4484,2186,-15,0
4488,2186,-15,0
4492,2177,-15,4
4496,2192,-15,0
4500,2192,-15,0
4504,2191,-15,0
4508,2202,-15,5
4512,2199,-15,2
4516,2195,-15,0
4520,2189,-15,0
4524,2195,-15,0
4528,2192,-15,0
4532,2205,-15,0
4536,2195,-15,0
4540,2204,-15,0
4544,2202,-15,0
4548,2200,-15,0
4552,2206,-15,0
4556,2185,-15,2
4560,2197,-15,10
4564,2196,-15,0
4568,2193,-15,0
4572,2198,-15,2
4576,2184,-15,0
4580,2202,-15,0
4584,2196,-15,0
4588,2192,-15,0
4592,2198,-15,2
4596,2202,-15,0
4600,2202,-15,0
4604,2177,-15,1
4608,2191,-15,0
4612,2186,-15,2
4616,2180,-15,4
4620,2153,-15,0
4624,2164,-15,4
4628,2158,-15,0
4632,2154,-15,2
4636,2143,-15,4
4640,2130,-15,0
4644,2127,-15,0
4648,2110,-15,0
4652,2093,-15,2
4656,2095,-15,4
4660,2083,-15,2
4664,2083,-15,2
4668,2069,-15,0
4672,2053,-15,1
4676,2040,-15,10
4680,2031,-15,1
4684,2023,-15,1
4688,2015,-15,6
4692,2000,-15,0
4696,1981,-15,0
4700,1980,-15,0
4704,1968,-15,5
4708,1952,-15,0
4712,1948,-15,0
4716,1927,-15,0
4720,1920,-15,2
4724,1909,-15,0
4728,1893,-15,0
4732,1879,-15,4
4736,1875,-15,2
4740,1848,-15,0
4744,1845,-15,0
4748,1828,-15,0
4752,1818,-15,0
4756,1793,-15,2
4760,1786,-15,0
4764,1776,-15,4
4768,1759,-15,0
4772,1744,-15,1
4776,1732,-15,0
4780,1707,-15,8
4784,1697,-15,2
4788,1692,-15,4
4792,1673,-15,1
4796,1653,-15,1
4800,1656,-15,2
4804,1631,-15,2
4808,1622,-15,0
4812,1603,-15,2
4816,1574,-15,4
4820,1546,-15,0
4824,1519,-15,1
4828,1490,-15,3
4832,1464,-15,1
4836,1438,-15,0
4840,1401,-15,1
4844,1380,-15,4
4848,1352,-15,0
4852,1330,-15,1
4856,1304,-15,0
4860,1283,-15,3
4864,1264,-15,0
4868,1237,-15,0
4872,1220,-15,0
4876,1200,-15,3
4880,1183,-15,1
4884,1156,-15,1
4888,1145,-15,0
4892,1134,-15,0
4896,1104,-15,0
4900,1101,-15,0
4904,1087,-15,2
4908,1075,-15,0
4912,1056,-15,2
4916,1055,-15,0
4920,1049,-15,14
4924,1040,-15,0
4928,1032,-15,0
4932,1037,-15,7
4936,1031,-15,0
4940,1023,-15,0
4944,1021,-15,0
4948,1007,-15,0
4952,1009,-15,0
4956,1016,-15,0
4960,1016,-15,0
4964,1007,-15,7
4968,1009,-15,0
4972,1012,-15,3
4976,1012,-15,0
4980,1015,-15,0
4984,1012,-15,0
4988,1010,-15,5
4992,1018,-15,0
4996,1015,-15,0
5000,1018,-15,0
5004,1011,-15,7
5008,1015,-15,2
5012,999,-15,0
5016,1018,-15,3
5020,1016,-15,7
5024,1019,-15,0
5028,1003,-15,0
5032,1015,-15,2
5036,1011,-15,1
5040,1035,-15,0
5044,1036,-15,2
5048,1058,-15,0
5052,1061,-15,0
5056,1066,-15,3
5060,1082,-15,0
5064,1093,-15,0
5068,1088,-15,0
5072,1124,-15,0
5076,1133,-15,0
5080,1133,-15,1
5084,1156,-15,4
5088,1162,-15,1
5092,1183,-15,0
5096,1210,-15,0
5100,1217,-15,0
5104,1226,-15,0
5108,1254,-15,1
5112,1256,-15,0
5116,1276,-15,0
5120,1296,-15,0
5124,1304,-15,0
5128,1333,-15,0
5132,1341,-15,1
5136,1347,-15,0
5140,1366,-15,0
5144,1386,-15,1
5148,1387,-15,0
5152,1410,-15,0
5156,1423,-15,1
5160,1437,-15,0
5164,1446,-15,1
5168,1449,-15,1
5172,1468,-15,0
5176,1492,-15,0
5180,1493,-15,1
5184,1520,-15,4
5188,1526,-15,0
5192,1540,-15,1
5196,1554,-15,0
5200,1555,-15,0
5204,1581,-15,6
5208,1594,-15,6
5212,1611,-15,2
5216,1621,-15,0
5220,1623,-15,0
5224,1651,-15,0
5228,1664,-15,4
5232,1672,-15,0
5236,1689,-15,1
5240,1697,-15,1
5244,1716,-15,0
5248,1732,-15,0
5252,1742,-15,4
5256,1758,-15,0
5260,1764,-15,0
5264,1781,-15,0
5268,1781,-15,0
5272,1789,-15,0
5276,1822,-15,0
5280,1824,-15,6
5284,1844,-15,0
5288,1833,-15,1
5292,1853,-15,0
5296,1876,-15,0
5300,1873,-15,1
5304,1904,-15,0
5308,1908,-15,3
5312,1916,-15,4
5316,1927,-15,0
5320,1942,-15,0
5324,1929,-15,0
5328,1952,-15,3
5332,1965,-15,1
5336,1955,-15,0
5340,1984,-15,6
5344,1981,-15,0
5348,2008,-15,10
5352,2010,-15,0
5356,2021,-15,0
5360,2016,-15,0
5364,2031,-15,0
5368,2040,-15,0
5372,2052,-15,0
5376,2050,-15,1
5380,2058,-15,0
5384,2068,-15,0
5388,2078,-15,2
5392,2080,-15,1
5396,2080,-15,0
5400,2086,-15,0
5404,2088,-15,0
5408,2083,-15,3
5412,2099,-15,0
5416,2096,-15,0
5420,2116,-15,0
5424,2110,-15,7
5428,2112,-15,0
5432,2105,-15,0
5436,2117,-15,0
5440,2109,-15,0
5444,2120,-15,0
5448,2122,-15,0
5452,2126,-15,0
5456,2128,-15,0
5460,2132,-15,0
5464,2138,-15,0
5468,2138,-15,0
5472,2133,-15,0
5476,2133,-15,1
5480,2117,-15,1
5484,2117,-15,1
5488,2133,-15,2
5492,2138,-15,0
5496,2138,-15,0
5500,2132,-15,6
5504,2130,-15,2
5508,2125,-15,0
5512,2130,-15,0
5516,2125,-15,0
5520,2133,-15,0
5524,2138,-15,2
5528,2128,-15,1
5532,2128,-15,0
5536,2128,-15,1
5540,2132,-15,5
5544,2125,-15,0
5548,2125,-15,3
5552,2120,-15,0
5556,2111,-15,3
5560,2110,-15,0
5564,2104,-15,4
5568,2102,-15,4
5572,2090,-15,0
5576,2081,-15,0
5580,2073,-15,2
5584,2057,-15,0
5588,2066,-15,1
5592,2058,-15,0
5596,2051,-15,0
5600,2048,-15,0
5604,2036,-15,0
5608,2021,-15,2
5612,2012,-15,0
5616,2004,-15,1
5620,1990,-15,0
5624,1971,-15,0
5628,1976,-15,0
5632,1968,-15,1
5636,1952,-15,0
5640,1940,-15,0
5644,1936,-15,7
5648,1928,-15,0
5652,1916,-15,1
5656,1904,-15,0
5660,1898,-15,0
5664,1872,-15,0
5668,1857,-15,3
5672,1856,-15,0
5676,1848,-15,0
5680,1842,-15,4
5684,1828,-15,0
5688,1813,-15,2
5692,1800,-15,0
5696,1794,-15,0
5700,1776,-15,6
5704,1765,-15,0
5708,1747,-15,0
5712,1719,-15,0
5716,1728,-15,6
5720,1716,-15,0
5724,1691,-15,0
5728,1688,-15,0
5732,1676,-15,0
5736,1660,-15,5
5740,1646,-15,0
5744,1642,-15,2
5748,1624,-15,0
5752,1611,-15,1
5756,1597,-15,5
5760,1582,-15,0
5764,1568,-15,0
5768,1556,-15,0
5772,1550,-15,0
5776,1528,-15,10
5780,1526,-15,0
5784,1520,-15,0
5788,1491,-15,3
5792,1480,-15,1
5796,1475,-15,0
5800,1451,-15,7
5804,1454,-15,0
5808,1438,-15,0
5812,1416,-15,0
5816,1418,-15,0
5820,1405,-15,1
5824,1383,-15,1
5828,1368,-15,6
5832,1366,-15,3
5836,1360,-15,1
5840,1352,-15,6
5844,1340,-15,2
5848,1323,-15,0
5852,1319,-15,0
5856,1301,-15,0
5860,1296,-15,0
5864,1284,-15,0
5868,1277,-15,0
5872,1266,-15,0
5876,1248,-15,1
5880,1250,-15,0
5884,1238,-15,4
5888,1232,-15,6
5892,1205,-15,1
5896,1207,-15,0
5900,1208,-15,0
5904,1189,-15,1
5908,1191,-15,1
5912,1176,-15,8
5916,1173,-15,0
5920,1176,-15,3
5924,1158,-15,0
5928,1159,-15,0
5932,1150,-15,0
5936,1133,-15,8
5940,1132,-15,0
5944,1135,-15,11
5948,1130,-15,0
5952,1130,-15,0
5956,1122,-15,0
5960,1098,-15,6
5964,1099,-15,0
5968,1104,-15,0
5972,1091,-15,10
5976,1089,-15,1
5980,1090,-15,1
5984,1090,-15,1
5988,1092,-15,3
5992,1079,-15,0
5996,1090,-15,0
6000,1080,-15,4
6004,1080,-15,3
6008,1084,-15,0
6012,1069,-15,0
6016,1080,-15,0
6020,1086,-15,0
6024,1079,-15,3
6028,1087,-15,2
6032,1078,-15,5
6036,1065,-15,0
6040,1084,-15,8
6044,1071,-15,2
6048,1075,-15,4
6052,1086,-15,1
6056,1085,-15,0
6060,1090,-15,2
6064,1084,-15,0
6068,1082,-15,0
6072,1077,-15,4
6076,1079,-15,0
6080,1078,-15,0
6084,1076,-15,0
6088,1079,-15,0
6092,1085,-15,0
6096,1080,-15,0
6100,1084,-15,0
6104,1070,-15,6
6108,1076,-15,0
6112,1079,-15,1
6116,1079,-15,0
6120,1075,-15,0
6124,1095,-15,1
6128,1103,-15,0
6132,1101,-15,7
6136,1108,-15,0
6140,1119,-15,0
6144,1125,-15,4
6148,1136,-15,0
6152,1137,-15,2
6156,1153,-15,0
6160,1147,-15,8
6164,1172,-15,2
6168,1168,-15,11
6172,1171,-15,0
6176,1191,-15,0
6180,1218,-15,6
6184,1237,-15,6
6188,1255,-15,4
6192,1282,-15,1
6196,1310,-15,0
6200,1328,-15,0
6204,1345,-15,0
6208,1359,-15,0
6212,1387,-15,1
6216,1424,-15,6
6220,1447,-15,10
6224,1477,-15,0
6228,1502,-15,0
6232,1522,-15,6
6236,1549,-15,6
6240,1557,-15,1
6244,1584,-15,10
6248,1613,-15,0
6252,1638,-15,0
6256,1669,-15,0
6260,1686,-15,0
6264,1718,-15,0
6268,1738,-15,0
6272,1757,-15,1
6276,1776,-15,4
6280,1796,-15,2
6284,1811,-15,0
6288,1823,-15,1
6292,1832,-15,0
6296,1848,-15,5
6300,1856,-15,6
6304,1869,-15,0
6308,1898,-15,4
6312,1889,-15,6
6316,1911,-15,0
6320,1915,-15,0
6324,1936,-15,0
6328,1946,-15,4
6332,1956,-15,0
6336,1945,-15,0
6340,1971,-15,0
6344,1980,-15,0
6348,1985,-15,0
6352,2000,-15,0
6356,2002,-15,2
6360,2010,-15,0
6364,2021,-15,0
6368,2029,-15,0
6372,2026,-15,2
6376,2035,-15,0
6380,2033,-15,0
6384,2027,-15,0
6388,2041,-15,0
6392,2037,-15,4
6396,2052,-15,0
6400,2056,-15,0
6404,2066,-15,0
6408,2074,-15,0
6412,2074,-15,0
6416,2064,-15,0
6420,2070,-15,0
6424,2065,-15,0
6428,2059,-15,0
6432,2074,-15,1
6436,2069,-15,0
6440,2071,-15,0
6444,2057,-15,0
6448,2074,-15,7
6452,2070,-15,5
6456,2069,-15,0
6460,2063,-15,2
6464,2069,-15,4
6468,2053,-15,0
6472,2058,-15,0
6476,2067,-15,7
6480,2074,-15,0
6484,2055,-15,0
6488,2060,-15,3
6492,2033,-15,1
6496,2040,-15,1
6500,2031,-15,1
6504,2040,-15,0
6508,2042,-15,1
6512,2023,-15,3
6516,2016,-15,0
6520,2013,-15,4
6524,1999,-15,1
6528,1979,-15,2
6532,1981,-15,0
6536,1971,-15,7
6540,1976,-15,0
6544,1955,-15,1
6548,1956,-15,0
6552,1949,-15,1
6556,1942,-15,0
6560,1933,-15,1
6564,1927,-15,2
6568,1918,-15,0
6572,1909,-15,0
6576,1902,-15,0
6580,1891,-15,0
6584,1877,-15,0
6588,1864,-15,0
6592,1858,-15,0
6596,1852,-15,1
6600,1837,-15,0
6604,1835,-15,6
6608,1819,-15,0
6612,1806,-15,0
6616,1796,-15,0
6620,1783,-15,0
6624,1775,-15,4
6628,1747,-15,1
6632,1751,-15,0
6636,1733,-15,0
6640,1732,-15,4
6644,1724,-15,6
6648,1709,-15,0
6652,1693,-15,0
6656,1684,-15,6
6660,1676,-15,6
6664,1662,-15,6
6668,1650,-15,4
6672,1638,-15,0
6676,1623,-15,2
6680,1626,-15,0
6684,1626,-15,0
6688,1594,-15,0
6692,1590,-15,1
6696,1573,-15,0
6700,1566,-15,0
6704,1543,-15,1
6708,1537,-15,0
6712,1526,-15,0
6716,1512,-15,0
6720,1505,-15,1
6724,1496,-15,0
6728,1490,-15,0
6732,1463,-15,4
6736,1455,-15,2
6740,1449,-15,0
6744,1442,-15,0
6748,1436,-15,1
6752,1430,-15,0
6756,1412,-15,0
6760,1393,-15,0
6764,1394,-15,0
6768,1384,-15,0
6772,1384,-15,0
6776,1345,-15,3
6780,1347,-15,3
6784,1323,-15,0
6788,1340,-15,0
6792,1331,-15,0
6796,1322,-15,6
6800,1309,-15,0
6804,1308,-15,1
6808,1293,-15,0
6812,1285,-15,0
6816,1282,-15,3
6820,1265,-15,0
6824,1268,-15,0
6828,1249,-15,1
6832,1249,-15,1
6836,1242,-15,2
6840,1242,-15,0
6844,1231,-15,0
6848,1220,-15,1
6852,1199,-15,6
6856,1207,-15,0
6860,1205,-15,1
6864,1199,-15,1
6868,1191,-15,4
6872,1179,-15,0
6876,1186,-15,0
6880,1182,-15,6
6884,1172,-15,3
6888,1167,-15,0
6892,1153,-15,5
6896,1163,-15,0
6900,1145,-15,5
6904,1162,-15,0
6908,1153,-15,0
6912,1147,-15,0
6916,1152,-15,0
6920,1156,-15,0
6924,1148,-15,0
6928,1149,-15,1
6932,1143,-15,0
6936,1141,-15,1
6940,1131,-15,2
6944,1139,-15,1
6948,1133,-15,2
6952,1146,-15,4
6956,1139,-15,0
6960,1141,-15,4
6964,1143,-15,0
6968,1136,-15,1
6972,1139,-15,2
6976,1136,-15,0
6980,1134,-15,6
6984,1132,-15,0
6988,1121,-15,0
6992,1141,-15,0
6996,1146,-15,2
7000,1137,-15,0
7004,1125,-15,0
7008,1131,-15,6
7012,1140,-15,3
7016,1143,-15,0
7020,1136,-15,0
7024,1143,-15,0
7028,1143,-15,2
7032,1142,-15,0
7036,1150,-15,0
7040,1140,-15,0
7044,1141,-15,0
7048,1143,-15,1
7052,1145,-15,0
7056,1149,-15,0
7060,1149,-15,1
7064,1162,-15,0
7068,1174,-15,0
7072,1171,-15,0
7076,1180,-15,0
7080,1190,-15,0
7084,1194,-15,0
7088,1200,-15,0
7092,1211,-15,2
7096,1221,-15,0
7100,1229,-15,0
7104,1242,-15,0
7108,1245,-15,0
7112,1254,-15,0
7116,1262,-15,0
7120,1280,-15,0
7124,1277,-15,0
7128,1289,-15,0
7132,1299,-15,0
7136,1309,-15,0
7140,1319,-15,0
7144,1321,-15,0
7148,1336,-15,5
7152,1344,-15,3
7156,1360,-15,0
7160,1374,-15,0
7164,1382,-15,2
7168,1394,-15,0
7172,1399,-15,2
7176,1408,-15,0
7180,1416,-15,0
7184,1431,-15,0
7188,1447,-15,0
7192,1446,-15,1
7196,1461,-15,0
7200,1461,-15,0
7204,1488,-15,6
7208,1499,-15,0
7212,1501,-15,7
7216,1515,-15,0
7220,1534,-15,3
7224,1541,-15,0
7228,1555,-15,6
7232,1565,-15,0
7236,1573,-15,4
7240,1589,-15,0
7244,1598,-15,0
7248,1600,-15,0
7252,1607,-15,0
7256,1629,-15,0
7260,1637,-15,6
7264,1637,-15,6
7268,1664,-15,1
7272,1668,-15,0
7276,1669,-15,0
7280,1691,-15,0
7284,1693,-15,4
7288,1708,-15,0
7292,1716,-15,0
7296,1729,-15,0
7300,1739,-15,0
7304,1739,-15,7
7308,1759,-15,4
7312,1772,-15,0
7316,1792,-15,0
7320,1794,-15,0
7324,1802,-15,1
7328,1793,-15,2
7332,1818,-15,0
7336,1820,-15,0
7340,1828,-15,1
7344,1831,-15,0
7348,1833,-15,0
7352,1866,-15,0
7356,1860,-15,0
7360,1872,-15,3
7364,1863,-15,0
7368,1894,-15,2
7372,1888,-15,6
7376,1906,-15,0
7380,1908,-15,0
7384,1909,-15,4
7388,1918,-15,2
7392,1931,-15,2
7396,1946,-15,7
7400,1933,-15,0
7404,1935,-15,2
7408,1960,-15,0
7412,1950,-15,4
7416,1945,-15,1
7420,1967,-15,0
7424,1955,-15,0
7428,1965,-15,0
7432,1973,-15,1
7436,1986,-15,0
7440,1973,-15,0
7444,1989,-15,0
7448,1992,-15,0
7452,1996,-15,0
7456,1989,-15,1
7460,2000,-15,3
7464,1989,-15,0
7468,2000,-15,0
7472,1995,-15,0
7476,2005,-15,3
7480,2010,-15,4
7484,2004,-15,0
7488,2002,-15,0
7492,2001,-15,1
7496,2002,-15,0
7500,1995,-15,0
7504,2005,-15,0
7508,1997,-15,0
7512,2007,-15,0
7516,2007,-15,0
7520,1999,-15,1
7524,2008,-15,7
7528,2010,-15,0
7532,2008,-15,0
7536,2010,-15,0
7540,1997,-15,0
7544,2005,-15,6
7548,2003,-15,0
7552,2002,-15,0
7556,2010,-15,0
7560,2010,-15,0
7564,2008,-15,1
7568,2008,-15,0
7572,1996,-15,0
7576,1978,-15,0
7580,1968,-15,0
7584,1952,-15,0
7588,1942,-15,5
7592,1920,-15,0
7596,1918,-15,4
7600,1904,-15,0
7604,1894,-15,0
7608,1871,-15,2
7612,1855,-15,0
7616,1838,-15,0
7620,1808,-15,0
7624,1805,-15,0
7628,1778,-15,2
7632,1752,-15,0
7636,1743,-15,2
7640,1723,-15,0
7644,1706,-15,2
7648,1687,-15,0
7652,1665,-15,0
7656,1665,-15,4
7660,1649,-15,1
7664,1635,-15,0
7668,1623,-15,2
7672,1609,-15,4
7676,1603,-15,6
7680,1594,-15,0
7684,1586,-15,0
7688,1564,-15,3
7692,1548,-15,0
7696,1535,-15,2
7700,1515,-15,6
7704,1510,-15,0
7708,1493,-15,4
7712,1487,-15,0
7716,1469,-15,0
7720,1463,-15,0
7724,1446,-15,1
7728,1431,-15,3
7732,1421,-15,0
7736,1401,-15,6
7740,1387,-15,0
7744,1386,-15,1
7748,1381,-15,0
7752,1368,-15,0
7756,1346,-15,0
7760,1345,-15,0
7764,1344,-15,0
7768,1328,-15,0
7772,1319,-15,0
7776,1295,-15,2
7780,1279,-15,0
7784,1296,-15,4
7788,1272,-15,0
7792,1269,-15,0
7796,1258,-15,1
7800,1255,-15,1
7804,1252,-15,0
7808,1235,-15,1
7812,1237,-15,0
7816,1229,-15,0
7820,1226,-15,1
7824,1229,-15,0
7828,1223,-15,3
7832,1216,-15,0
7836,1210,-15,2
7840,1208,-15,0
7844,1205,-15,0
7848,1200,-15,3
7852,1210,-15,0
7856,1195,-15,4
7860,1195,-15,0
7864,1200,-15,0
7868,1197,-15,0
7872,1202,-15,2
7876,1202,-15,0
7880,1204,-15,0
7884,1196,-15,0
7888,1185,-15,1
7892,1191,-15,0
7896,1203,-15,1
7900,1202,-15,3
7904,1202,-15,0
7908,1195,-15,1
7912,1197,-15,0
7916,1202,-15,1
7920,1206,-15,0
7924,1195,-15,1
7928,1192,-15,0
7932,1199,-15,6
7936,1199,-15,0
7940,1196,-15,1
7944,1199,-15,1
7948,1194,-15,0
7952,1199,-15,0
7956,1202,-15,0
7960,1199,-15,2
7964,1204,-15,0
7968,1187,-15,0
7972,1198,-15,2
7976,1192,-15,0
7980,1200,-15,0
7984,1198,-15,0
7988,1212,-15,0
7992,1215,-15,0
7996,1220,-15,0
8000,1226,-15,5
8004,1234,-15,0
8008,1237,-15,2
8012,1235,-15,6
8016,1248,-15,0
8020,1263,-15,0
8024,1264,-15,0
8028,1271,-15,2
8032,1288,-15,0
8036,1288,-15,1
8040,1310,-15,6
8044,1311,-15,0
8048,1306,-15,0
8052,1325,-15,1
8056,1335,-15,0
8060,1336,-15,3
8064,1338,-15,2
8068,1360,-15,0
8072,1363,-15,1
8076,1382,-15,2
8080,1376,-15,1
8084,1392,-15,0
8088,1400,-15,0
8092,1401,-15,1
8096,1422,-15,1
8100,1428,-15,0
8104,1427,-15,4
8108,1452,-15,8
8112,1460,-15,0
8116,1463,-15,0
8120,1479,-15,0
8124,1492,-15,0
8128,1500,-15,0
8132,1506,-15,0
8136,1509,-15,0
8140,1527,-15,0
8144,1534,-15,0
8148,1552,-15,2
8152,1547,-15,3
8156,1565,-15,1
8160,1578,-15,8
8164,1581,-15,0
8168,1579,-15,0
8172,1616,-15,0
8176,1622,-15,3
8180,1625,-15,0
8184,1632,-15,0
8188,1639,-15,0
8192,1656,-15,0
8196,1649,-15,0
8200,1669,-15,0
8204,1665,-15,3
8208,1673,-15,0
8212,1695,-15,0
8216,1702,-15,0
8220,1712,-15,0
8224,1728,-15,2
8228,1730,-15,3
8232,1747,-15,0
8236,1749,-15,2
8240,1754,-15,4
8244,1770,-15,0
8248,1773,-15,1
8252,1776,-15,1
8256,1773,-15,0
8260,1769,-15,0
8264,1791,-15,0
8268,1806,-15,0
8272,1820,-15,10
8276,1830,-15,0
8280,1824,-15,0
8284,1831,-15,0
8288,1840,-15,0
8292,1845,-15,0
8296,1860,-15,6
8300,1861,-15,0
8304,1864,-15,0
8308,1877,-15,0
8312,1877,-15,3
8316,1879,-15,4
8320,1893,-15,0
8324,1894,-15,0
8328,1892,-15,0
8332,1906,-15,0
8336,1914,-15,0
8340,1914,-15,0
8344,1912,-15,0
8348,1913,-15,0
8352,1920,-15,4
8356,1918,-15,1
8360,1932,-15,0
8364,1920,-15,1
8368,1925,-15,3
8372,1946,-15,0
8376,1940,-15,2
8380,1938,-15,1
8384,1935,-15,0
8388,1950,-15,4
8392,1944,-15,0
8396,1941,-15,7
8400,1933,-15,10
8404,1935,-15,0
8408,1949,-15,3
8412,1949,-15,0
8416,1937,-15,0
8420,1948,-15,0
8424,1956,-15,6
8428,1951,-15,0
8432,1950,-15,0
8436,1949,-15,0
8440,1945,-15,0
8444,1937,-15,0
8448,1952,-15,2
8452,1945,-15,0
8456,1966,-15,0
8460,1950,-15,0
8464,1948,-15,1
8468,1941,-15,0
8472,1951,-15,0
8476,1951,-15,7
8480,1945,-15,3
8484,1941,-15,0
8488,1951,-15,0
8492,1948,-15,0
8496,1948,-15,1
8500,1954,-15,0
8504,1945,-15,5
8508,1948,-15,0
8512,1954,-15,0
8516,1933,-15,0
8520,1938,-15,6
8524,1925,-15,1
8528,1933,-15,0
8532,1930,-15,2
8536,1899,-15,0
8540,1922,-15,0
8544,1912,-15,6
8548,1893,-15,4
8552,1899,-15,0
8556,1893,-15,2
8560,1884,-15,6
8564,1884,-15,0
8568,1874,-15,0
8572,1869,-15,0
8576,1861,-15,0
8580,1848,-15,0
8584,1845,-15,0
8588,1838,-15,1
8592,1835,-15,0
8596,1819,-15,1
8600,1803,-15,0
8604,1807,-15,0
8608,1803,-15,0
8612,1784,-15,0
8616,1772,-15,0
8620,1778,-15,4
8624,1778,-15,4
8628,1759,-15,0
8632,1749,-15,0
8636,1738,-15,0
8640,1738,-15,0
8644,1718,-15,2
8648,1722,-15,1
8652,1712,-15,1
8656,1700,-15,2
8660,1683,-15,2
8664,1685,-15,7
8668,1674,-15,0
8672,1669,-15,0
8676,1652,-15,0
8680,1652,-15,2
8684,1635,-15,0
8688,1630,-15,6
8692,1603,-15,2
8696,1612,-15,0
8700,1600,-15,7
8704,1594,-15,0
8708,1583,-15,1
8712,1576,-15,1
8716,1568,-15,0
8720,1563,-15,2
8724,1549,-15,0
8728,1540,-15,0
8732,1522,-15,7
8736,1524,-15,0
8740,1517,-15,0
8744,1497,-15,6
8748,1495,-15,4
8752,1479,-15,0
8756,1486,-15,2
8760,1470,-15,4
8764,1461,-15,0
8768,1460,-15,0
8772,1455,-15,0
8776,1447,-15,0
8780,1436,-15,4
8784,1416,-15,0
8788,1418,-15,6
8792,1403,-15,4
8796,1407,-15,4
8800,1397,-15,0
8804,1394,-15,1
8808,1377,-15,0
8812,1378,-15,4
8816,1375,-15,0
8820,1373,-15,0
8824,1358,-15,10
8828,1349,-15,3
8832,1345,-15,1
8836,1346,-15,0
8840,1335,-15,7
8844,1327,-15,0
8848,1330,-15,0
8852,1315,-15,1
8856,1312,-15,0
8860,1320,-15,0
8864,1306,-15,0
8868,1308,-15,0
8872,1291,-15,1
8876,1295,-15,0
8880,1294,-15,1
8884,1287,-15,0
8888,1283,-15,0
8892,1267,-15,2
8896,1277,-15,3
8900,1277,-15,0
8904,1269,-15,0
8908,1257,-15,0
8912,1249,-15,2
8916,1263,-15,0
8920,1252,-15,0
8924,1264,-15,0
8928,1256,-15,0
8932,1262,-15,6
8936,1235,-15,0
8940,1234,-15,0
8944,1239,-15,0
8948,1252,-15,0
8952,1242,-15,2
8956,1252,-15,0
8960,1255,-15,1
8964,1243,-15,1
8968,1247,-15,0
8972,1253,-15,0
8976,1255,-15,1
8980,1256,-15,0
8984,1247,-15,0
8988,1247,-15,0
8992,1248,-15,6
8996,1261,-15,0
9000,1282,-15,0
9004,1292,-15,0
9008,1301,-15,0
9012,1305,-15,2
9016,1324,-15,0
9020,1327,-15,0
9024,1342,-15,0
9028,1366,-15,3
9032,1364,-15,0
9036,1367,-15,0
9040,1384,-15,0
9044,1406,-15,0
9048,1393,-15,0
9052,1419,-15,0
9056,1425,-15,0
9060,1432,-15,0
9064,1444,-15,0
9068,1458,-15,0
9072,1471,-15,0
9076,1487,-15,0
9080,1487,-15,7
9084,1503,-15,1
9088,1509,-15,0
9092,1525,-15,0
9096,1540,-15,0
9100,1550,-15,0
9104,1551,-15,0
9108,1578,-15,6
9112,1571,-15,2
9116,1597,-15,0
9120,1607,-15,0
9124,1603,-15,3
9128,1628,-15,5
9132,1637,-15,0
9136,1648,-15,0
9140,1665,-15,0
9144,1657,-15,1
9148,1671,-15,0
9152,1687,-15,1
9156,1704,-15,2
9160,1710,-15,0
9164,1735,-15,0
9168,1718,-15,0
9172,1725,-15,0
9176,1748,-15,0
9180,1759,-15,1
9184,1760,-15,0
9188,1770,-15,6
9192,1782,-15,2
9196,1788,-15,0
9200,1800,-15,0
9204,1811,-15,0
9208,1808,-15,0
9212,1824,-15,4
9216,1838,-15,0
9220,1831,-15,6
9224,1839,-15,1
9228,1850,-15,0
9232,1850,-15,3
9236,1853,-15,0
9240,1852,-15,0
9244,1863,-15,0
9248,1859,-15,0
9252,1871,-15,4
9256,1880,-15,0
9260,1869,-15,4
9264,1884,-15,0
9268,1882,-15,0
9272,1879,-15,0
9276,1896,-15,4
9280,1886,-15,0
9284,1886,-15,0
9288,1893,-15,0
9292,1892,-15,0
9296,1885,-15,0
9300,1889,-15,0
9304,1902,-15,0
9308,1904,-15,0
9312,1896,-15,0
9316,1883,-15,0
9320,1899,-15,1
9324,1902,-15,0
9328,1889,-15,0
9332,1898,-15,0
9336,1908,-15,0
9340,1895,-15,0
9344,1910,-15,0
9348,1893,-15,0
9352,1904,-15,1
9356,1902,-15,3
9360,1908,-15,3
9364,1900,-15,0
9368,1891,-15,0
9372,1904,-15,0
9376,1889,-15,0
9380,1891,-15,7
9384,1897,-15,1
9388,1910,-15,3
9392,1906,-15,0
9396,1902,-15,2
9400,1902,-15,0
9404,1905,-15,0
9408,1904,-15,0
9412,1904,-15,0
9416,1881,-15,0
9420,1901,-15,0
9424,1895,-15,0
9428,1898,-15,0
9432,1894,-15,2
9436,1893,-15,4
9440,1885,-15,1
9444,1884,-15,3
9448,1879,-15,0
9452,1876,-15,0
9456,1857,-15,2
9460,1863,-15,1
9464,1857,-15,0
9468,1848,-15,0
9472,1835,-15,0
9476,1845,-15,0
9480,1835,-15,6
9484,1830,-15,4
9488,1834,-15,0
9492,1810,-15,0
9496,1812,-15,0
9500,1792,-15,0
9504,1792,-15,0
9508,1786,-15,1
9512,1782,-15,0
9516,1783,-15,0
9520,1771,-15,0
9524,1761,-15,0
9528,1758,-15,2
9532,1748,-15,4
9536,1744,-15,7
9540,1740,-15,2
9544,1726,-15,0
9548,1720,-15,0
9552,1720,-15,0
9556,1699,-15,0
9560,1696,-15,1
9564,1685,-15,0
9568,1665,-15,0
9572,1665,-15,0
9576,1664,-15,1
9580,1662,-15,0
9584,1656,-15,2
9588,1646,-15,0
9592,1635,-15,1
9596,1629,-15,0
9600,1612,-15,0
9604,1609,-15,1
9608,1604,-15,3
9612,1600,-15,2
9616,1588,-15,0
9620,1587,-15,4
9624,1587,-15,4
9628,1564,-15,1
9632,1557,-15,3
9636,1552,-15,0
9640,1552,-15,0
9644,1536,-15,4
9648,1528,-15,1
9652,1513,-15,0
9656,1512,-15,3
9660,1507,-15,0
9664,1498,-15,0
9668,1499,-15,0
9672,1487,-15,1
9676,1484,-15,0
9680,1473,-15,0
9684,1465,-15,4
9688,1470,-15,1
9692,1456,-15,1
9696,1441,-15,4
9700,1444,-15,0
9704,1428,-15,1
9708,1417,-15,0
9712,1411,-15,7
9716,1424,-15,0
9720,1413,-15,0
9724,1408,-15,0
9728,1402,-15,0
9732,1383,-15,1
9736,1377,-15,0
9740,1383,-15,0
9744,1387,-15,0
9748,1367,-15,1
9752,1371,-15,0
9756,1365,-15,1
9760,1359,-15,0
9764,1349,-15,3
9768,1356,-15,1
9772,1354,-15,0
9776,1344,-15,1
9780,1342,-15,4
9784,1325,-15,0
9788,1326,-15,0
9792,1321,-15,4
9796,1322,-15,6
9800,1322,-15,0
9804,1319,-15,3
9808,1324,-15,6
9812,1323,-15,0
9816,1316,-15,0
9820,1314,-15,0
9824,1308,-15,0
9828,1308,-15,0
9832,1303,-15,0
9836,1309,-15,0
9840,1293,-15,1
9844,1300,-15,3
9848,1301,-15,0
9852,1291,-15,4
9856,1297,-15,0
9860,1298,-15,0
9864,1297,-15,0
9868,1303,-15,1
9872,1298,-15,1
9876,1288,-15,1
9880,1291,-15,0
9884,1307,-15,0
9888,1296,-15,0
9892,1303,-15,0
9896,1300,-15,0
9900,1306,-15,0
9904,1298,-15,0
9908,1303,-15,1
9912,1300,-15,0
9916,1300,-15,0
9920,1295,-15,6
9924,1296,-15,0
9928,1300,-15,2
9932,1296,-15,2
9936,1298,-15,3
9940,1298,-15,1
9944,1300,-15,0
9948,1299,-15,0
9952,1299,-15,1
9956,1295,-15,0
9960,1310,-15,2
9964,1291,-15,1
9968,1293,-15,0
9972,1300,-15,0
9976,1289,-15,1
9980,1300,-15,0
9984,1300,-15,0
9988,1308,-15,0
9992,1303,-15,4
9996,1322,-15,0
10000,1317,-15,0
10004,1328,-15,0
10008,1326,-15,2
10012,1332,-15,4
10016,1336,-15,0
10020,1346,-15,0
10024,1358,-15,0
10028,1358,-15,0
10032,1354,-15,2
10036,1375,-15,5
10040,1380,-15,0
10044,1390,-15,0
10048,1378,-15,0
10052,1387,-15,0
10056,1404,-15,0
10060,1405,-15,2
10064,1408,-15,0
10068,1415,-15,0
10072,1429,-15,0
10076,1436,-15,0
10080,1454,-15,0
10084,1453,-15,0
10088,1456,-15,3
10092,1470,-15,0
10096,1475,-15,0
10100,1477,-15,0
10104,1487,-15,0
10108,1481,-15,4
10112,1501,-15,0
10116,1497,-15,0
10120,1519,-15,0
10124,1524,-15,0
10128,1526,-15,0
10132,1544,-15,0
10136,1541,-15,0
10140,1556,-15,0
10144,1554,-15,0
10148,1568,-15,4
10152,1570,-15,1
10156,1584,-15,6
10160,1576,-15,0
10164,1596,-15,0
10168,1607,-15,0
10172,1607,-15,6
10176,1610,-15,0
10180,1621,-15,0
10184,1626,-15,0
10188,1639,-15,1
10192,1642,-15,1
10196,1648,-15,1
10200,1650,-15,2
10204,1645,-15,0
10208,1665,-15,0
10212,1672,-15,6
10216,1690,-15,0
10220,1690,-15,6
10224,1692,-15,0
10228,1696,-15,0
10232,1704,-15,0
10236,1722,-15,0
10240,1723,-15,0
10244,1714,-15,0
10248,1723,-15,0
10252,1735,-15,0
10256,1733,-15,4
10260,1756,-15,0
10264,1751,-15,0
10268,1759,-15,0
10272,1761,-15,0
10276,1766,-15,0
10280,1776,-15,1
10284,1779,-15,0
10288,1794,-15,1
10292,1804,-15,0
10296,1810,-15,4
10300,1819,-15,0
10304,1823,-15,0
10308,1828,-15,0
10312,1830,-15,0
10316,1825,-15,1
10320,1852,-15,0
10324,1852,-15,0
10328,1847,-15,2
10332,1853,-15,0
10336,1848,-15,0
10340,1850,-15,0
10344,1856,-15,0
10348,1843,-15,0
10352,1841,-15,0
10356,1858,-15,3
10360,1856,-15,0
10364,1847,-15,0
10368,1848,-15,2
10372,1851,-15,0
10376,1853,-15,0
10380,1847,-15,4
10384,1853,-15,2
10388,1841,-15,0
10392,1841,-15,0
10396,1848,-15,0
10400,1858,-15,0
10404,1852,-15,0
10408,1845,-15,0
10412,1856,-15,1
10416,1835,-15,0
10420,1832,-15,0
10424,1826,-15,1
10428,1821,-15,0
10432,1801,-15,0
10436,1807,-15,0
10440,1797,-15,0
10444,1796,-15,0
10448,1791,-15,0
10452,1780,-15,1
10456,1763,-15,2
10460,1774,-15,0
10464,1752,-15,1
10468,1749,-15,0
10472,1735,-15,6
10476,1720,-15,0
10480,1703,-15,0
10484,1716,-15,4
10488,1711,-15,6
10492,1707,-15,4
10496,1697,-15,0
10500,1688,-15,0
10504,1670,-15,6
10508,1653,-15,0
10512,1656,-15,1
10516,1639,-15,1
10520,1633,-15,0
10524,1628,-15,0
10528,1621,-15,0
10532,1616,-15,0
10536,1603,-15,0
10540,1598,-15,6
10544,1589,-15,0
10548,1576,-15,0
10552,1557,-15,0
10556,1560,-15,2
10560,1549,-15,0
10564,1542,-15,0
10568,1529,-15,1
10572,1524,-15,3
10576,1517,-15,4
10580,1514,-15,1
10584,1503,-15,0
10588,1498,-15,0
10592,1492,-15,0
10596,1477,-15,0
10600,1463,-15,0
10604,1450,-15,0
10608,1467,-15,0
10612,1448,-15,0
10616,1441,-15,0
10620,1456,-15,0
10624,1445,-15,0
10628,1425,-15,0
10632,1432,-15,1
10636,1428,-15,0
10640,1426,-15,0
10644,1417,-15,4
10648,1418,-15,0
10652,1410,-15,0
10656,1400,-15,0
10660,1385,-15,6
10664,1396,-15,0
10668,1393,-15,1
10672,1394,-15,1
10676,1390,-15,0
10680,1382,-15,0
10684,1373,-15,0
10688,1371,-15,0
10692,1357,-15,1
10696,1355,-15,0
10700,1353,-15,5
10704,1363,-15,0
10708,1374,-15,0
10712,1365,-15,6
10716,1362,-15,0
10720,1339,-15,0
10724,1356,-15,6
10728,1351,-15,0
10732,1351,-15,1
10736,1355,-15,0
10740,1352,-15,0
10744,1351,-15,2
10748,1351,-15,1
10752,1337,-15,2
10756,1336,-15,1
10760,1337,-15,4
10764,1341,-15,0
10768,1341,-15,0
10772,1354,-15,4
10776,1351,-15,1
10780,1331,-15,3
10784,1354,-15,0
10788,1345,-15,0
10792,1349,-15,0
10796,1347,-15,0
10800,1336,-15,6
10804,1331,-15,3
10808,1346,-15,0
10812,1345,-15,0
10816,1351,-15,0
10820,1350,-15,0
10824,1338,-15,0
10828,1341,-15,3
10832,1341,-15,0
10836,1329,-15,2
10840,1331,-15,4
10844,1349,-15,2
10848,1339,-15,7
10852,1349,-15,0
10856,1339,-15,0
10860,1343,-15,0
10864,1346,-15,0
10868,1344,-15,1
10872,1343,-15,1
10876,1348,-15,0
10880,1350,-15,0
10884,1351,-15,0
10888,1343,-15,0
10892,1354,-15,4
10896,1351,-15,0
10900,1356,-15,0
10904,1355,-15,0
10908,1365,-15,4
10912,1366,-15,2
10916,1355,-15,0
10920,1382,-15,0
10924,1376,-15,1
10928,1380,-15,0
10932,1396,-15,2
10936,1400,-15,3
10940,1385,-15,0
10944,1397,-15,0
10948,1407,-15,6
10952,1420,-15,0
10956,1426,-15,1
10960,1434,-15,1
10964,1436,-15,0
10968,1444,-15,0
10972,1425,-15,0
10976,1459,-15,0
10980,1459,-15,0
10984,1466,-15,1
10988,1469,-15,0
10992,1477,-15,0
10996,1478,-15,3
11000,1480,-15,0
11004,1477,-15,0
11008,1503,-15,0
11012,1509,-15,0
11016,1510,-15,2
11020,1509,-15,0
11024,1525,-15,0
11028,1526,-15,1
11032,1534,-15,0
11036,1537,-15,0
11040,1555,-15,0
11044,1560,-15,4
11048,1555,-15,3
11052,1568,-15,1
11056,1568,-15,0
11060,1580,-15,2
11064,1577,-15,0
11068,1589,-15,6
11072,1599,-15,0
11076,1610,-15,0
11080,1614,-15,0
11084,1613,-15,0
11088,1618,-15,0
11092,1631,-15,0
11096,1638,-15,6
11100,1636,-15,0
11104,1639,-15,4
11108,1654,-15,0
11112,1660,-15,0
11116,1659,-15,3
11120,1655,-15,0
11124,1676,-15,7
11128,1678,-15,1
11132,1677,-15,3
11136,1684,-15,0
11140,1695,-15,0
11144,1704,-15,1
11148,1706,-15,2
11152,1709,-15,0
11156,1713,-15,0
11160,1722,-15,0
11164,1725,-15,0
11168,1732,-15,3
11172,1730,-15,0
11176,1744,-15,0
11180,1739,-15,0
11184,1752,-15,0
11188,1752,-15,0
11192,1749,-15,0
11196,1760,-15,0
11200,1766,-15,0
11204,1755,-15,0
11208,1763,-15,1
11212,1760,-15,4
11216,1761,-15,0
11220,1784,-15,0
11224,1778,-15,1
11228,1787,-15,2
11232,1783,-15,6
11236,1772,-15,4
11240,1783,-15,0
11244,1785,-15,1
11248,1794,-15,10
11252,1802,-15,0
11256,1800,-15,0
11260,1803,-15,3
11264,1806,-15,0
11268,1795,-15,0
11272,1808,-15,0
11276,1805,-15,0
11280,1807,-15,4
11284,1812,-15,3
11288,1800,-15,6
11292,1816,-15,4
11296,1800,-15,2
11300,1801,-15,0
11304,1818,-15,3
11308,1797,-15,0
11312,1800,-15,0
11316,1812,-15,0
11320,1814,-15,0
11324,1808,-15,2
11328,1807,-15,0
11332,1813,-15,0
11336,1811,-15,0
11340,1808,-15,0
11344,1808,-15,0
11348,1812,-15,0
11352,1808,-15,0
11356,1806,-15,0
11360,1816,-15,0
11364,1808,-15,3
11368,1810,-15,7
11372,1807,-15,4
11376,1815,-15,0
11380,1808,-15,0
11384,1801,-15,0
11388,1807,-15,2
11392,1808,-15,0
11396,1802,-15,0
11400,1811,-15,0
11404,1797,-15,0
11408,1801,-15,7
11412,1801,-15,4
11416,1810,-15,0
11420,1802,-15,1
11424,1804,-15,0
11428,1797,-15,0
11432,1795,-15,2
11436,1783,-15,2
11440,1797,-15,0
11444,1783,-15,0
11448,1789,-15,0
11452,1767,-15,1
11456,1768,-15,0
11460,1767,-15,0
11464,1761,-15,10
11468,1768,-15,1
11472,1760,-15,0
11476,1753,-15,0
11480,1749,-15,0
11484,1739,-15,0
11488,1744,-15,0
11492,1732,-15,1
11496,1738,-15,0
11500,1730,-15,1
11504,1705,-15,0
11508,1710,-15,0
11512,1712,-15,0
11516,1709,-15,0
11520,1685,-15,0
11524,1695,-15,2
11528,1678,-15,4
11532,1680,-15,0
11536,1671,-15,3
11540,1676,-15,0
11544,1660,-15,2
11548,1660,-15,3
11552,1649,-15,0
11556,1647,-15,0
11560,1648,-15,1
11564,1632,-15,0
11568,1621,-15,0
11572,1616,-15,0
11576,1603,-15,3
11580,1616,-15,0
11584,1606,-15,0
11588,1610,-15,0
11592,1599,-15,0
11596,1592,-15,3
11600,1587,-15,0
11604,1584,-15,1
11608,1568,-15,0
11612,1578,-15,4
11616,1557,-15,0
11620,1560,-15,0
11624,1552,-15,0
11628,1546,-15,0
11632,1523,-15,0
11636,1525,-15,0
11640,1536,-15,0
11644,1534,-15,1
11648,1528,-15,0
11652,1522,-15,0
11656,1506,-15,1
11660,1487,-15,0
11664,1492,-15,2
11668,1472,-15,0
11672,1470,-15,0
11676,1466,-15,0
11680,1451,-15,1
11684,1447,-15,11
11688,1434,-15,3
11692,1423,-15,0
11696,1421,-15,0
11700,1421,-15,2
11704,1412,-15,3
11708,1410,-15,0
11712,1402,-15,4
11716,1400,-15,2
11720,1405,-15,0
11724,1390,-15,0
11728,1392,-15,0
11732,1384,-15,0
11736,1391,-15,3
11740,1391,-15,0
11744,1383,-15,4
11748,1389,-15,7
11752,1391,-15,0
11756,1391,-15,0
11760,1386,-15,3
11764,1392,-15,4
11768,1387,-15,0
11772,1391,-15,0
11776,1377,-15,0
11780,1383,-15,2
11784,1384,-15,0
11788,1389,-15,0
11792,1387,-15,4
11796,1383,-15,0
11800,1386,-15,5
11804,1392,-15,0
11808,1390,-15,2
11812,1381,-15,0
11816,1369,-15,1
11820,1383,-15,0
11824,1390,-15,0
11828,1389,-15,0
11832,1384,-15,0
11836,1392,-15,1
11840,1376,-15,0
11844,1393,-15,1
11848,1397,-15,4
11852,1404,-15,0
11856,1402,-15,0
11860,1393,-15,2
11864,1417,-15,0
11868,1429,-15,6
11872,1425,-15,0
11876,1438,-15,0
11880,1445,-15,2
11884,1433,-15,0
11888,1447,-15,0
11892,1460,-15,0
11896,1468,-15,4
11900,1474,-15,0
11904,1472,-15,2
11908,1482,-15,0
11912,1488,-15,4
11916,1492,-15,0
11920,1500,-15,1
11924,1512,-15,4
11928,1514,-15,4
11932,1521,-15,0
11936,1534,-15,0
11940,1544,-15,6
11944,1546,-15,3
11948,1527,-15,0
11952,1553,-15,0
11956,1564,-15,4
11960,1564,-15,1
11964,1580,-15,0
11968,1586,-15,0
11972,1583,-15,0
11976,1600,-15,1
11980,1591,-15,0
11984,1596,-15,0
11988,1610,-15,0
11992,1615,-15,0
11996,1615,-15,0
12000,1626,-15,3
12004,1623,-15,0
12008,1631,-15,2
12012,1636,-15,0
12016,1648,-15,2
12020,1642,-15,0
12024,1658,-15,1
12028,1657,-15,0
12032,1663,-15,6
12036,1668,-15,0
12040,1662,-15,1
12044,1671,-15,0
12048,1678,-15,0
12052,1676,-15,0
12056,1690,-15,0
12060,1673,-15,6
12064,1698,-15,6
12068,1696,-15,0
12072,1703,-15,0
12076,1712,-15,6
12080,1697,-15,0
12084,1711,-15,4
12088,1704,-15,3
12092,1716,-15,2
12096,1715,-15,2
12100,1722,-15,4
12104,1719,-15,1
12108,1738,-15,0
12112,1733,-15,0
12116,1726,-15,4
12120,1737,-15,0
12124,1741,-15,0
12128,1731,-15,0
12132,1744,-15,0
12136,1747,-15,0
12140,1751,-15,1
12144,1756,-15,6
12148,1750,-15,0
12152,1751,-15,1
12156,1758,-15,4
12160,1756,-15,0
12164,1743,-15,0
12168,1762,-15,0
12172,1756,-15,2
12176,1768,-15,4
12180,1757,-15,4
12184,1770,-15,0
12188,1759,-15,6
12192,1768,-15,0
12196,1772,-15,7
12200,1760,-15,1
12204,1764,-15,0
12208,1760,-15,6
12212,1767,-15,6
12216,1762,-15,2
12220,1761,-15,0
12224,1770,-15,0
12228,1770,-15,0
12232,1762,-15,0
12236,1761,-15,2
12240,1760,-15,6
12244,1760,-15,2
12248,1764,-15,0
12252,1765,-15,0
12256,1764,-15,6
12260,1770,-15,4
12264,1768,-15,0
12268,1768,-15,0
12272,1765,-15,0
12276,1770,-15,0
12280,1768,-15,0
12284,1753,-15,0
12288,1770,-15,0
12292,1765,-15,7
12296,1766,-15,0
12300,1770,-15,0
12304,1757,-15,2
12308,1765,-15,0
12312,1760,-15,0
12316,1768,-15,0
12320,1768,-15,0
12324,1757,-15,4
12328,1753,-15,2
12332,1770,-15,0
12336,1770,-15,0
12340,1751,-15,0
12344,1752,-15,0
12348,1754,-15,0
12352,1753,-15,0
12356,1742,-15,0
12360,1754,-15,1
12364,1738,-15,1
12368,1735,-15,3
12372,1735,-15,0
12376,1733,-15,0
12380,1721,-15,0
12384,1724,-15,5
12388,1707,-15,0
12392,1710,-15,0
12396,1708,-15,1
12400,1696,-15,0
12404,1695,-15,1
12408,1694,-15,3
12412,1687,-15,0
12416,1682,-15,0
12420,1690,-15,0
12424,1680,-15,3
12428,1669,-15,1
12432,1670,-15,1
12436,1664,-15,0
12440,1672,-15,0
12444,1662,-15,0
12448,1659,-15,0
12452,1648,-15,0
12456,1648,-15,0
12460,1639,-15,4
12464,1637,-15,0
12468,1636,-15,0
12472,1629,-15,0
12476,1624,-15,0
12480,1610,-15,0
12484,1614,-15,2
12488,1611,-15,0
12492,1587,-15,0
12496,1598,-15,0
12500,1591,-15,0
12504,1584,-15,1
12508,1569,-15,0
12512,1579,-15,1
12516,1560,-15,0
12520,1561,-15,0
12524,1566,-15,0
12528,1558,-15,3
12532,1560,-15,2
12536,1557,-15,0
12540,1550,-15,6
12544,1542,-15,0
12548,1540,-15,0
12552,1537,-15,0
12556,1519,-15,0
12560,1525,-15,0
12564,1528,-15,1
12568,1521,-15,0
12572,1505,-15,0
12576,1517,-15,0
12580,1514,-15,0
12584,1498,-15,1
12588,1504,-15,0
12592,1493,-15,0
12596,1490,-15,0
12600,1489,-15,4
12604,1488,-15,4
12608,1482,-15,0
12612,1479,-15,1
12616,1474,-15,0
12620,1476,-15,0
12624,1464,-15,0
12628,1465,-15,4
12632,1466,-15,0
12636,1468,-15,3
12640,1451,-15,0
12644,1466,-15,0
12648,1452,-15,1
12652,1455,-15,7
12656,1443,-15,2
12660,1447,-15,0
12664,1444,-15,0
12668,1445,-15,0
12672,1439,-15,0
12676,1442,-15,0
12680,1448,-15,6
12684,1438,-15,2
12688,1439,-15,6
12692,1439,-15,0
12696,1427,-15,6
12700,1437,-15,0
12704,1431,-15,0
12708,1435,-15,0
12712,1416,-15,6
12716,1431,-15,0
12720,1423,-15,0
12724,1431,-15,6
12728,1430,-15,4
12732,1421,-15,0
12736,1429,-15,0
12740,1422,-15,0
12744,1419,-15,0
12748,1430,-15,0
12752,1428,-15,0
12756,1428,-15,4
12760,1428,-15,5
12764,1434,-15,0
12768,1435,-15,2
12772,1422,-15,0
12776,1432,-15,0
12780,1435,-15,0
12784,1431,-15,0
12788,1428,-15,2
12792,1436,-15,0
12796,1427,-15,0
12800,1431,-15,0
12804,1411,-15,0
12808,1436,-15,0
12812,1427,-15,0
12816,1428,-15,1
12820,1429,-15,1
12824,1428,-15,0
12828,1425,-15,0
12832,1417,-15,0
12836,1429,-15,0
12840,1431,-15,0
12844,1432,-15,0
12848,1419,-15,0
12852,1423,-15,0
12856,1422,-15,1
12860,1417,-15,0
12864,1431,-15,0
12868,1419,-15,0
12872,1415,-15,2
12876,1434,-15,0
12880,1426,-15,0
12884,1432,-15,0
12888,1432,-15,0
12892,1431,-15,0
12896,1446,-15,0
12900,1444,-15,0
12904,1440,-15,0
12908,1440,-15,0
12912,1449,-15,0
12916,1456,-15,1
12920,1455,-15,0
12924,1451,-15,3
12928,1471,-15,4
12932,1468,-15,4
12936,1474,-15,0
12940,1484,-15,2
12944,1488,-15,0
12948,1484,-15,0
12952,1491,-15,6
12956,1492,-15,0
12960,1497,-15,1
12964,1501,-15,0
12968,1505,-15,0
12972,1504,-15,0
12976,1511,-15,3
12980,1507,-15,0
12984,1528,-15,1
12988,1527,-15,2
12992,1524,-15,0
12996,1534,-15,1
13000,1542,-15,3
13004,1541,-15,0
13008,1544,-15,0
13012,1558,-15,3
13016,1562,-15,0
13020,1555,-15,0
13024,1555,-15,0
13028,1565,-15,0
13032,1582,-15,0
13036,1589,-15,3
13040,1592,-15,0
13044,1601,-15,6
13048,1613,-15,0
13052,1616,-15,0
13056,1628,-15,0
13060,1636,-15,2
13064,1638,-15,0
13068,1646,-15,0
13072,1641,-15,1
13076,1661,-15,0
13080,1671,-15,0
13084,1671,-15,1
13088,1680,-15,5
13092,1673,-15,6
13096,1679,-15,0
13100,1683,-15,0
13104,1696,-15,0
13108,1710,-15,0
13112,1704,-15,2
13116,1714,-15,0
13120,1715,-15,4
13124,1715,-15,0
13128,1714,-15,0
13132,1714,-15,2
13136,1703,-15,1
13140,1726,-15,0
13144,1730,-15,1
13148,1719,-15,0
13152,1724,-15,4
13156,1711,-15,0
13160,1730,-15,0
13164,1730,-15,1
13168,1730,-15,0
13172,1721,-15,0
13176,1724,-15,0
13180,1727,-15,0
13184,1719,-15,3
13188,1720,-15,0
13192,1728,-15,7
13196,1724,-15,4
13200,1726,-15,0
13204,1728,-15,0
13208,1719,-15,0
13212,1717,-15,0
13216,1719,-15,1
13220,1730,-15,0
13224,1724,-15,0
13228,1720,-15,2
13232,1727,-15,0
13236,1713,-15,4
13240,1728,-15,0
13244,1738,-15,0
13248,1717,-15,0
13252,1725,-15,0
13256,1721,-15,8
13260,1727,-15,3
13264,1713,-15,3
13268,1724,-15,2
13272,1721,-15,1
13276,1726,-15,0
13280,1720,-15,0
13284,1705,-15,0
13288,1697,-15,3
13292,1704,-15,4
13296,1699,-15,0
13300,1687,-15,1
13304,1697,-15,0
13308,1694,-15,0
13312,1683,-15,0
13316,1669,-15,0
13320,1682,-15,0
13324,1661,-15,0
13328,1674,-15,0
13332,1672,-15,0
13336,1651,-15,6
13340,1645,-15,0
13344,1655,-15,0
13348,1652,-15,2
13352,1650,-15,0
13356,1635,-15,4
13360,1642,-15,1
13364,1628,-15,1
13368,1631,-15,0
13372,1627,-15,0
13376,1615,-15,0
13380,1611,-15,0
13384,1614,-15,0
13388,1608,-15,0
13392,1609,-15,0
13396,1610,-15,0
13400,1602,-15,1
13404,1594,-15,0
13408,1588,-15,0
13412,1592,-15,1
13416,1584,-15,6
13420,1584,-15,0
13424,1568,-15,0
13428,1578,-15,0
13432,1574,-15,0
13436,1567,-15,2
13440,1563,-15,0
13444,1559,-15,1
13448,1558,-15,0
13452,1552,-15,0
13456,1551,-15,0
13460,1531,-15,1
13464,1548,-15,0
13468,1543,-15,0
13472,1532,-15,0
13476,1528,-15,0
13480,1531,-15,0
13484,1520,-15,0
13488,1524,-15,2
13492,1512,-15,3
13496,1519,-15,0
13500,1519,-15,2
13504,1518,-15,0
13508,1515,-15,0
13512,1514,-15,0
13516,1508,-15,1
13520,1504,-15,0
13524,1511,-15,0
13528,1503,-15,0
13532,1498,-15,0
13536,1492,-15,0
13540,1500,-15,0
13544,1481,-15,0
13548,1487,-15,1
13552,1498,-15,0
13556,1491,-15,0
13560,1479,-15,0
13564,1485,-15,0
13568,1484,-15,6
13572,1482,-15,0
13576,1480,-15,0
13580,1482,-15,0
13584,1474,-15,0
13588,1464,-15,0
13592,1477,-15,2
13596,1465,-15,0
13600,1465,-15,0
13604,1459,-15,0
13608,1464,-15,0
13612,1471,-15,3
13616,1468,-15,5
13620,1466,-15,3
13624,1459,-15,1
13628,1455,-15,6
13632,1468,-15,6
13636,1472,-15,0
13640,1474,-15,1
13644,1474,-15,0
13648,1451,-15,1
13652,1474,-15,0
13656,1474,-15,1
13660,1453,-15,0
13664,1453,-15,0
13668,1451,-15,0
13672,1468,-15,0
13676,1472,-15,0
13680,1464,-15,3
13684,1463,-15,0
13688,1470,-15,1
13692,1466,-15,0
13696,1468,-15,6
13700,1463,-15,1
13704,1470,-15,0
13708,1469,-15,0
13712,1466,-15,0
13716,1461,-15,0
13720,1471,-15,0
13724,1469,-15,2
13728,1472,-15,1
13732,1449,-15,1
13736,1463,-15,6
13740,1463,-15,0
13744,1455,-15,0
13748,1464,-15,0
13752,1464,-15,11
13756,1455,-15,1
13760,1469,-15,0
13764,1455,-15,1
13768,1474,-15,4
13772,1469,-15,6
13776,1472,-15,1
13780,1470,-15,0
13784,1464,-15,3
13788,1467,-15,1
13792,1466,-15,3
13796,1467,-15,6
13800,1472,-15,0
13804,1469,-15,0
13808,1476,-15,7
13812,1467,-15,3
13816,1472,-15,1
13820,1473,-15,0
13824,1479,-15,0
13828,1480,-15,0
13832,1487,-15,7
13836,1493,-15,2
13840,1493,-15,0
13844,1501,-15,0
13848,1503,-15,10
13852,1497,-15,0
13856,1503,-15,1
13860,1509,-15,2
13864,1512,-15,1
13868,1519,-15,0
13872,1520,-15,4
13876,1513,-15,0
13880,1518,-15,2
13884,1523,-15,2
13888,1540,-15,0
13892,1538,-15,2
13896,1537,-15,4
13900,1544,-15,0
13904,1549,-15,4
13908,1552,-15,2
13912,1550,-15,0
13916,1559,-15,2
13920,1559,-15,2
13924,1565,-15,2
13928,1566,-15,4
13932,1569,-15,6
13936,1582,-15,0
13940,1581,-15,0
13944,1582,-15,3
13948,1576,-15,2
13952,1581,-15,1
13956,1584,-15,0
13960,1583,-15,0
13964,1587,-15,0
13968,1598,-15,0
13972,1600,-15,0
13976,1593,-15,1
13980,1603,-15,0
13984,1614,-15,0
13988,1612,-15,4
13992,1617,-15,0
13996,1621,-15,0
14000,1624,-15,0
14004,1619,-15,0
14008,1629,-15,0
14012,1624,-15,0
14016,1634,-15,6
14020,1623,-15,0
14024,1638,-15,0
14028,1642,-15,0
14032,1638,-15,4
14036,1632,-15,0
14040,1644,-15,0
14044,1653,-15,0
14048,1647,-15,1
14052,1655,-15,0
14056,1654,-15,2
14060,1656,-15,1
14064,1651,-15,1
14068,1658,-15,0
14072,1672,-15,2
14076,1664,-15,0
14080,1653,-15,6
14084,1665,-15,4
14088,1665,-15,0
14092,1657,-15,4
14096,1674,-15,0
14100,1680,-15,6
14104,1667,-15,0
14108,1667,-15,0
14112,1682,-15,1
14116,1672,-15,1
14120,1665,-15,0
14124,1665,-15,1
14128,1681,-15,0
14132,1680,-15,2
14136,1678,-15,3
14140,1685,-15,0
14144,1685,-15,0
14148,1678,-15,0
14152,1690,-15,0
14156,1686,-15,0
14160,1679,-15,7
14164,1692,-15,1
14168,1685,-15,0
14172,1690,-15,0
14176,1671,-15,0
14180,1683,-15,3
14184,1685,-15,5
14188,1679,-15,0
14192,1685,-15,0
14196,1684,-15,1
14200,1680,-15,2
14204,1684,-15,0
14208,1673,-15,0
14212,1690,-15,0
14216,1683,-15,0
14220,1694,-15,1
14224,1682,-15,1
14228,1688,-15,1
14232,1684,-15,0
14236,1699,-15,0
14240,1687,-15,1
14244,1679,-15,3
14248,1688,-15,6
14252,1690,-15,0
14256,1692,-15,5
14260,1685,-15,0
14264,1690,-15,1
14268,1685,-15,1
14272,1694,-15,0
14276,1688,-15,0
14280,1685,-15,6
14284,1688,-15,0
14288,1684,-15,5
14292,1688,-15,0
14296,1685,-15,0
14300,1683,-15,1
14304,1690,-15,0
14308,1685,-15,2
14312,1690,-15,0
14316,1681,-15,1
14320,1692,-15,0
14324,1682,-15,0
14328,1692,-15,1
14332,1690,-15,0
14336,1681,-15,6
14340,1680,-15,0
14344,1680,-15,1
14348,1680,-15,0
14352,1678,-15,10
14356,1669,-15,0
14360,1671,-15,6
14364,1672,-15,0
14368,1668,-15,0
14372,1653,-15,0
14376,1655,-15,0
14380,1662,-15,0
14384,1647,-15,4
14388,1655,-15,0
14392,1641,-15,0
14396,1640,-15,1
14400,1650,-15,0
14404,1641,-15,0
14408,1627,-15,2
14412,1638,-15,0
14416,1629,-15,6
14420,1622,-15,10
14424,1615,-15,0
14428,1600,-15,0
14432,1602,-15,0
14436,1600,-15,0
14440,1594,-15,0
14444,1591,-15,4
14448,1587,-15,4
14452,1576,-15,0
14456,1576,-15,4
14460,1561,-15,0
14464,1565,-15,0
14468,1556,-15,1
14472,1556,-15,0
14476,1543,-15,6
14480,1546,-15,0
14484,1544,-15,2
14488,1541,-15,0
14492,1527,-15,2
14496,1536,-15,1
14500,1515,-15,0
14504,1521,-15,5
14508,1526,-15,6
14512,1524,-15,0
14516,1519,-15,0
14520,1520,-15,2
14524,1514,-15,3
14528,1514,-15,0
14532,1518,-15,0
14536,1505,-15,4
14540,1509,-15,0
14544,1499,-15,1
14548,1512,-15,0
14552,1509,-15,0
14556,1504,-15,3
14560,1508,-15,0
14564,1509,-15,0
14568,1514,-15,6
14572,1508,-15,0
14576,1509,-15,0
14580,1502,-15,0
14584,1491,-15,6
14588,1496,-15,0
14592,1505,-15,3
14596,1503,-15,0
14600,1495,-15,0
14604,1503,-15,0
14608,1511,-15,2
14612,1509,-15,1
14616,1507,-15,5
14620,1510,-15,3
14624,1503,-15,1
14628,1502,-15,0
14632,1499,-15,0
14636,1503,-15,2
14640,1501,-15,2
14644,1514,-15,3
14648,1506,-15,0
14652,1500,-15,4
14656,1501,-15,0
14660,1501,-15,4
14664,1502,-15,0
14668,1504,-15,0
14672,1495,-15,3
14676,1514,-15,0
14680,1501,-15,0
14684,1499,-15,2
14688,1489,-15,0
14692,1495,-15,0
14696,1506,-15,0
14700,1503,-15,0
14704,1505,-15,0
14708,1504,-15,2
14712,1502,-15,0
14716,1503,-15,0
14720,1504,-15,2
14724,1505,-15,6
14728,1509,-15,1
14732,1516,-15,1
14736,1515,-15,0
14740,1511,-15,2
14744,1509,-15,0
14748,1522,-15,0
14752,1520,-15,7
14756,1530,-15,0
14760,1517,-15,0
14764,1528,-15,3
14768,1534,-15,0
14772,1523,-15,0
14776,1534,-15,4
14780,1533,-15,0
14784,1550,-15,3
14788,1537,-15,0
14792,1549,-15,0
14796,1547,-15,2
14800,1552,-15,2
14804,1553,-15,0
14808,1544,-15,0
14812,1570,-15,6
14816,1564,-15,0
14820,1558,-15,1
14824,1565,-15,0
14828,1565,-15,0
14832,1573,-15,0
14836,1578,-15,0
14840,1568,-15,0
14844,1562,-15,0
14848,1582,-15,0
14852,1578,-15,0
14856,1571,-15,0
14860,1571,-15,4
14864,1577,-15,0
14868,1596,-15,0
14872,1591,-15,0
14876,1598,-15,0
14880,1589,-15,7
14884,1602,-15,0
14888,1599,-15,0
14892,1607,-15,0
14896,1608,-15,6
14900,1610,-15,3
14904,1598,-15,1
14908,1605,-15,2
14912,1610,-15,0
14916,1614,-15,0
14920,1616,-15,6
14924,1624,-15,1
14928,1621,-15,3
14932,1621,-15,0
14936,1611,-15,2
14940,1621,-15,0
14944,1629,-15,0
14948,1611,-15,0
14952,1626,-15,7
14956,1624,-15,6
14960,1630,-15,0
14964,1637,-15,0
14968,1634,-15,0
14972,1632,-15,2
14976,1636,-15,2
14980,1639,-15,0
14984,1634,-15,2
14988,1635,-15,0
14992,1638,-15,0
14996,1642,-15,0
15000,1644,-15,0
15004,1640,-15,0
15008,1646,-15,0
15012,1647,-15,0
15016,1648,-15,0
15020,1637,-15,0
15024,1647,-15,0
15028,1647,-15,3
15032,1647,-15,0
15036,1652,-15,0
15040,1643,-15,0
15044,1642,-15,2
15048,1651,-15,0
15052,1647,-15,0
15056,1639,-15,0
15060,1645,-15,3
15064,1652,-15,0
15068,1640,-15,4
15072,1654,-15,0
15076,1652,-15,0
15080,1655,-15,4
15084,1652,-15,2
15088,1640,-15,3
15092,1633,-15,1
15096,1653,-15,1
15100,1649,-15,0
15104,1649,-15,0
15108,1648,-15,0
15112,1652,-15,0
15116,1652,-15,0
15120,1642,-15,0
15124,1648,-15,0
15128,1652,-15,0
15132,1652,-15,0
15136,1641,-15,0
15140,1645,-15,0
15144,1646,-15,0
15148,1652,-15,6
15152,1642,-15,0
15156,1648,-15,0
15160,1647,-15,0
15164,1648,-15,0
15168,1648,-15,0
15172,1652,-15,1
15176,1648,-15,0
15180,1648,-15,1
15184,1647,-15,2
15188,1647,-15,0
15192,1658,-15,0
15196,1643,-15,1
15200,1646,-15,1
15204,1656,-15,0
15208,1656,-15,4
15212,1635,-15,0
15216,1640,-15,0
15220,1648,-15,0
15224,1656,-15,2
15228,1646,-15,0
15232,1644,-15,1
15236,1658,-15,0
15240,1650,-15,0
15244,1633,-15,0
15248,1647,-15,4
15252,1648,-15,0
15256,1641,-15,1
15260,1651,-15,0
15264,1658,-15,0
15268,1632,-15,0
15272,1632,-15,2
15276,1633,-15,2
15280,1644,-15,6
15284,1638,-15,2
15288,1646,-15,0
15292,1637,-15,0
15296,1636,-15,0
15300,1636,-15,0
15304,1615,-15,4
15308,1629,-15,0
15312,1629,-15,0
15316,1621,-15,0
15320,1624,-15,0
15324,1611,-15,1
15328,1621,-15,0
15332,1618,-15,0
15336,1608,-15,2
15340,1619,-15,0
15344,1618,-15,0
15348,1612,-15,0
15352,1604,-15,0
15356,1610,-15,0
15360,1604,-15,0
15364,1605,-15,7
15368,1599,-15,7
15372,1598,-15,0
15376,1589,-15,0
15380,1603,-15,1
15384,1590,-15,0
15388,1596,-15,0
15392,1598,-15,4
15396,1584,-15,0
15400,1575,-15,0
15404,1579,-15,0
15408,1569,-15,0
15412,1584,-15,0
15416,1578,-15,1
15420,1578,-15,0
15424,1576,-15,1
15428,1571,-15,0
15432,1572,-15,0
15436,1566,-15,0
15440,1578,-15,4
15444,1559,-15,2
15448,1567,-15,0
15452,1567,-15,7
15456,1559,-15,0
15460,1551,-15,0
15464,1561,-15,0
15468,1556,-15,0
15472,1559,-15,3
15476,1559,-15,0
15480,1558,-15,4
15484,1557,-15,6
15488,1562,-15,0
15492,1549,-15,0
15496,1557,-15,0
15500,1547,-15,3
15504,1545,-15,0
15508,1541,-15,0
15512,1551,-15,0
15516,1558,-15,3
15520,1549,-15,0
15524,1544,-15,0
15528,1550,-15,0
15532,1537,-15,0
15536,1543,-15,7
15540,1536,-15,1
15544,1552,-15,6
15548,1540,-15,0
15552,1541,-15,0
15556,1543,-15,1
15560,1529,-15,0
15564,1544,-15,0
15568,1540,-15,3
15572,1546,-15,0
15576,1535,-15,0
15580,1535,-15,0
15584,1533,-15,0
15588,1543,-15,0
15592,1539,-15,0
15596,1531,-15,6
15600,1535,-15,0
15604,1529,-15,0
15608,1541,-15,0
15612,1538,-15,1
15616,1546,-15,1
15620,1531,-15,2
15624,1537,-15,3
15628,1550,-15,0
15632,1541,-15,2
15636,1550,-15,0
15640,1543,-15,6
15644,1544,-15,1
15648,1543,-15,0
15652,1544,-15,0
15656,1544,-15,0
15660,1533,-15,0
15664,1538,-15,0
15668,1537,-15,6
15672,1531,-15,0
15676,1549,-15,0
15680,1543,-15,0
15684,1535,-15,0
15688,1540,-15,1
15692,1546,-15,4
15696,1533,-15,3
15700,1543,-15,0
15704,1548,-15,0
15708,1539,-15,0
15712,1541,-15,2
15716,1544,-15,0
15720,1523,-15,3
15724,1523,-15,3
15728,1546,-15,3
15732,1544,-15,2
15736,1535,-15,0
15740,1546,-15,0
15744,1543,-15,4
15748,1533,-15,6
15752,1544,-15,0
15756,1539,-15,2
15760,1543,-15,1
15764,1543,-15,0
15768,1542,-15,0
15772,1539,-15,2
15776,1543,-15,0
15780,1550,-15,0
15784,1529,-15,0
15788,1544,-15,0
15792,1531,-15,6
15796,1521,-15,1
15800,1537,-15,3
15804,1550,-15,0
15808,1550,-15,4
15812,1541,-15,2
15816,1554,-15,0
15820,1550,-15,0
15824,1551,-15,0
15828,1565,-15,0
15832,1567,-15,0
15836,1567,-15,0
15840,1568,-15,0
15844,1568,-15,0
15848,1572,-15,0
15852,1575,-15,0
15856,1581,-15,6
15860,1582,-15,0
15864,1587,-15,1
15868,1588,-15,4
15872,1596,-15,1
15876,1596,-15,0
15880,1581,-15,4
15884,1583,-15,2
15888,1599,-15,0
15892,1599,-15,6
15896,1598,-15,0
15900,1597,-15,6
15904,1593,-15,0
15908,1602,-15,1
15912,1610,-15,0
15916,1608,-15,0
15920,1606,-15,3
15924,1606,-15,3
15928,1597,-15,1
15932,1614,-15,0
15936,1605,-15,3
15940,1606,-15,2
15944,1605,-15,0
15948,1600,-15,7
15952,1612,-15,0
15956,1615,-15,0
15960,1615,-15,0
15964,1612,-15,0
15968,1601,-15,4
15972,1615,-15,0
15976,1618,-15,0
15980,1612,-15,0
15984,1620,-15,0
15988,1607,-15,0
15992,1614,-15,1
15996,1614,-15,0
16000,1618,-15,0
16004,1603,-15,6
16008,1608,-15,1
16012,1608,-15,0
16016,1612,-15,6
16020,1615,-15,0
16024,1607,-15,0
16028,1612,-15,0
16032,1616,-15,0
16036,1611,-15,0
16040,1608,-15,0
16044,1618,-15,0
16048,1611,-15,4
16052,1624,-15,0
16056,1622,-15,6
16060,1615,-15,0
16064,1616,-15,0
16068,1616,-15,0
16072,1613,-15,6
16076,1607,-15,0
16080,1614,-15,0
16084,1607,-15,4
16088,1619,-15,0
16092,1616,-15,3
16096,1616,-15,0
16100,1603,-15,0
16104,1616,-15,0
16108,1608,-15,0
16112,1615,-15,2
16116,1612,-15,2
16120,1615,-15,0
16124,1622,-15,4
16128,1611,-15,0
16132,1620,-15,2
16136,1622,-15,0
16140,1607,-15,6
16144,1608,-15,6
16148,1614,-15,0
16152,1599,-15,0
16156,1599,-15,6
16160,1619,-15,1
16164,1616,-15,0
16168,1614,-15,0
16172,1614,-15,0
16176,1618,-15,0
16180,1603,-15,2
16184,1619,-15,1
16188,1615,-15,1
16192,1614,-15,1
16196,1613,-15,0
16200,1608,-15,3
16204,1601,-15,6
16208,1610,-15,3
16212,1613,-15,1
16216,1605,-15,0
16220,1607,-15,0
16224,1597,-15,0
16228,1608,-15,0
16232,1607,-15,0
16236,1593,-15,0
16240,1611,-15,0
16244,1591,-15,0
16248,1610,-15,0
16252,1597,-15,0
16256,1604,-15,0
16260,1602,-15,0
16264,1604,-15,0
16268,1598,-15,0
16272,1589,-15,4
16276,1605,-15,0
16280,1610,-15,2
16284,1593,-15,0
16288,1590,-15,0
16292,1598,-15,0
16296,1583,-15,0
16300,1594,-15,2
16304,1593,-15,0
16308,1591,-15,0
16312,1575,-15,1
16316,1591,-15,11
16320,1594,-15,0
16324,1571,-15,0
16328,1588,-15,0
16332,1590,-15,0
16336,1589,-15,0
16340,1584,-15,2
16344,1581,-15,0
16348,1584,-15,1
16352,1582,-15,0
16356,1587,-15,0
16360,1584,-15,0
16364,1584,-15,6
16368,1579,-15,0
16372,1586,-15,0
16376,1587,-15,0
16380,1584,-15,0
16384,1581,-15,2
16388,1580,-15,0
16392,1582,-15,0
16396,1575,-15,0
16400,1581,-15,2
16404,1579,-15,0
16408,1575,-15,4
16412,1568,-15,6
16416,1579,-15,0
16420,1572,-15,0
16424,1569,-15,3
16428,1578,-15,0
16432,1560,-15,0
16436,1569,-15,2
16440,1579,-15,0
16444,1580,-15,2
16448,1574,-15,0
16452,1572,-15,0
16456,1577,-15,0
16460,1573,-15,0
16464,1578,-15,0
16468,1576,-15,0
16472,1578,-15,0
16476,1576,-15,0
16480,1572,-15,0
16484,1555,-15,2
16488,1571,-15,0
16492,1571,-15,0
16496,1568,-15,0
16500,1578,-15,1
16504,1574,-15,6
16508,1572,-15,0
16512,1582,-15,1
16516,1569,-15,10
16520,1574,-15,0
16524,1575,-15,0
16528,1572,-15,0
16532,1568,-15,4
16536,1555,-15,1
16540,1572,-15,1
16544,1571,-15,6
16548,1574,-15,0
16552,1571,-15,0
16556,1579,-15,0
16560,1568,-15,0
16564,1576,-15,0
16568,1576,-15,1
16572,1575,-15,0
16576,1572,-15,0
16580,1565,-15,0
16584,1576,-15,0
16588,1569,-15,0
16592,1576,-15,0
16596,1575,-15,0
16600,1571,-15,1
16604,1569,-15,2
16608,1570,-15,1
16612,1574,-15,0
16616,1578,-15,0
16620,1580,-15,0
16624,1573,-15,0
16628,1574,-15,0
16632,1575,-15,3
16636,1569,-15,6
16640,1569,-15,6
16644,1578,-15,0
16648,1580,-15,0
16652,1573,-15,0
16656,1576,-15,0
16660,1575,-15,0
16664,1572,-15,0
16668,1568,-15,0
16672,1577,-15,0
16676,1569,-15,2
16680,1563,-15,0
16684,1571,-15,1
16688,1581,-15,0
16692,1570,-15,10
16696,1575,-15,0
16700,1571,-15,3
16704,1560,-15,7
16708,1569,-15,0
16712,1578,-15,0
16716,1573,-15,0
16720,1568,-15,0
16724,1576,-15,0
16728,1578,-15,1
16732,1577,-15,0
16736,1579,-15,0
16740,1560,-15,0
16744,1586,-15,1
16748,1569,-15,0
16752,1563,-15,0
16756,1578,-15,3
16760,1574,-15,2
16764,1572,-15,1
16768,1560,-15,6
16772,1581,-15,1
16776,1568,-15,7
16780,1572,-15,0
16784,1581,-15,0
16788,1572,-15,0
16792,1576,-15,1
16796,1574,-15,0
16800,1552,-15,6
16804,1575,-15,2
16808,1576,-15,0
16812,1581,-15,6
16816,1581,-15,0
16820,1581,-15,0
16824,1575,-15,6
16828,1581,-15,2
16832,1576,-15,0
16836,1578,-15,0
16840,1576,-15,0
16844,1568,-15,0
16848,1582,-15,0
16852,1580,-15,0
16856,1580,-15,0
16860,1578,-15,4
16864,1573,-15,2
16868,1581,-15,2
16872,1580,-15,0
16876,1578,-15,0
16880,1574,-15,1
16884,1582,-15,0
16888,1582,-15,4
16892,1582,-15,0
16896,1571,-15,4
16900,1578,-15,0
16904,1576,-15,0
16908,1569,-15,4
16912,1573,-15,4
16916,1576,-15,1
16920,1586,-15,0
16924,1582,-15,0
16928,1578,-15,6
16932,1569,-15,2
16936,1575,-15,0
16940,1576,-15,0
16944,1575,-15,0
16948,1584,-15,0
16952,1584,-15,0
16956,1580,-15,3
16960,1586,-15,6
16964,1577,-15,7
16968,1594,-15,1
16972,1582,-15,0
16976,1577,-15,0
16980,1584,-15,0
16984,1580,-15,0
16988,1580,-15,6
16992,1586,-15,0
16996,1578,-15,0
17000,1573,-15,0
17004,1578,-15,0
17008,1584,-15,1
17012,1577,-15,0
17016,1573,-15,0
17020,1590,-15,0
17024,1575,-15,6
17028,1576,-15,0
17032,1576,-15,0
17036,1583,-15,0
17040,1578,-15,0
17044,1588,-15,0
17048,1578,-15,0
17052,1581,-15,6
17056,1582,-15,0
17060,1580,-15,0
17064,1592,-15,0
17068,1584,-15,1
17072,1578,-15,0
17076,1581,-15,1
17080,1584,-15,1
17084,1571,-15,2
17088,1579,-15,3
17092,1583,-15,0
17096,1580,-15,1
17100,1582,-15,1
17104,1578,-15,0
17108,1584,-15,0
17112,1576,-15,0
17116,1578,-15,0
17120,1581,-15,0
17124,1568,-15,10
17128,1586,-15,0
17132,1582,-15,0
17136,1576,-15,0
17140,1584,-15,0
17144,1571,-15,0
17148,1580,-15,3
17152,1577,-15,4
17156,1575,-15,4
17160,1583,-15,0
17164,1580,-15,1
17168,1586,-15,0
17172,1569,-15,0
17176,1578,-15,0
17180,1584,-15,2
17184,1581,-15,0
17188,1586,-15,0
17192,1578,-15,6
17196,1578,-15,1
17200,1582,-15,0
17204,1586,-15,10
17208,1580,-15,0
17212,1571,-15,0
17216,1576,-15,0
17220,1584,-15,0
17224,1586,-15,0
17228,1583,-15,0
17232,1571,-15,0
17236,1578,-15,2
17240,1578,-15,0
17244,1581,-15,6
17248,1581,-15,10
17252,1578,-15,0
17256,1583,-15,0
17260,1578,-15,1
17264,1583,-15,1
17268,1581,-15,0
17272,1584,-15,6
17276,1582,-15,0
17280,1584,-15,6
17284,1576,-15,0
17288,1584,-15,0
17292,1580,-15,0
17296,1576,-15,0
17300,1584,-15,0
17304,1575,-15,1
17308,1574,-15,0
17312,1569,-15,3
17316,1596,-15,1
17320,1587,-15,0
17324,1571,-15,0
17328,1583,-15,4
17332,1575,-15,2
17336,1586,-15,0
17340,1582,-15,0
17344,1578,-15,0
17348,1573,-15,2
17352,1571,-15,2
17356,1583,-15,0
17360,1579,-15,2
17364,1569,-15,0
17368,1580,-15,0
17372,1586,-15,0
17376,1588,-15,0
17380,1571,-15,0
17384,1584,-15,0
17388,1584,-15,1
17392,1577,-15,0
17396,1577,-15,3
17400,1590,-15,0
17404,1590,-15,0
17408,1573,-15,3
17412,1575,-15,0
17416,1584,-15,2
17420,1582,-15,0
17424,1586,-15,2
17428,1573,-15,0
17432,1590,-15,0
17436,1583,-15,1
17440,1584,-15,6
17444,1583,-15,0
17448,1581,-15,4
17452,1568,-15,2
17456,1587,-15,0
17460,1580,-15,0
17464,1582,-15,4
17468,1576,-15,0
17472,1594,-15,0
17476,1569,-15,0
17480,1575,-15,0
17484,1573,-15,0
17488,1577,-15,0
17492,1583,-15,0
17496,1569,-15,2
17500,1571,-15,2
17504,1571,-15,0
17508,1578,-15,3
17512,1569,-15,1
17516,1581,-15,3
17520,1581,-15,0
17524,1581,-15,0
17528,1580,-15,0
17532,1581,-15,0
17536,1569,-15,0
17540,1573,-15,0
17544,1589,-15,2
17548,1575,-15,0
17552,1573,-15,0
17556,1575,-15,0
17560,1583,-15,2
17564,1581,-15,1
17568,1578,-15,4
17572,1578,-15,0
17576,1578,-15,0
17580,1586,-15,0
17584,1588,-15,0
17588,1585,-15,5
17592,1581,-15,2
17596,1580,-15,0
17600,1578,-15,0
17604,1586,-15,0
17608,1582,-15,0
17612,1568,-15,2
17616,1584,-15,10
17620,1586,-15,4
17624,1583,-15,0
17628,1583,-15,2
17632,1584,-15,0
17636,1580,-15,0
17640,1588,-15,0
17644,1584,-15,0
17648,1583,-15,0
17652,1584,-15,0
17656,1588,-15,0
17660,1582,-15,3
17664,1581,-15,6
17668,1583,-15,0
17672,1571,-15,6
17676,1575,-15,0
17680,1579,-15,0
17684,1584,-15,1
17688,1588,-15,6
17692,1578,-15,0
17696,1579,-15,0
17700,1583,-15,0
17704,1584,-15,3
17708,1584,-15,0
17712,1586,-15,0
17716,1584,-15,0
17720,1582,-15,0
17724,1571,-15,2
17728,1581,-15,0
17732,1569,-15,0
17736,1576,-15,0
17740,1579,-15,0
17744,1581,-15,2
17748,1576,-15,1
17752,1579,-15,0
17756,1582,-15,1
17760,1582,-15,2
17764,1576,-15,2
17768,1584,-15,0
17772,1568,-15,6
17776,1581,-15,0
17780,1586,-15,0
17784,1582,-15,0
17788,1583,-15,0
17792,1594,-15,0
17796,1590,-15,4
17800,1586,-15,0
17804,1575,-15,0
17808,1575,-15,0
17812,1581,-15,6
17816,1580,-15,0
17820,1586,-15,0
17824,1573,-15,4
17828,1583,-15,4
17832,1579,-15,0
17836,1594,-15,0
17840,1573,-15,6
17844,1584,-15,0
17848,1583,-15,0
17852,1588,-15,6
17856,1581,-15,0
17860,1584,-15,0
17864,1584,-15,0
17868,1584,-15,0
17872,1576,-15,2
17876,1568,-15,4
17880,1578,-15,1
17884,1571,-15,14
17888,1583,-15,0
17892,1575,-15,2
17896,1579,-15,1
17900,1583,-15,0
17904,1584,-15,0
17908,1584,-15,4
17912,1569,-15,1
17916,1579,-15,1
17920,1594,-15,0
17924,1584,-15,1
17928,1580,-15,0
17932,1588,-15,1
17936,1578,-15,0
17940,1578,-15,10
17944,1568,-15,0
17948,1580,-15,0
17952,1577,-15,6
17956,1583,-15,0
17960,1586,-15,1
17964,1584,-15,2
17968,1584,-15,0
17972,1573,-15,0
17976,1582,-15,4
17980,1575,-15,1
17984,1573,-15,6
17988,1584,-15,4
17992,1577,-15,0
17996,1577,-15,0
18000,1581,-15,0
18004,1586,-15,0
18008,1586,-15,0
18012,1573,-15,0
18016,1575,-15,3
18020,1568,-15,0
18024,1576,-15,0
18028,1586,-15,4
18032,1576,-15,0
18036,1581,-15,2
18040,1574,-15,0
18044,1580,-15,2
18048,1571,-15,6
18052,1575,-15,2
18056,1579,-15,0
18060,1577,-15,0
18064,1569,-15,0
18068,1588,-15,2
18072,1584,-15,6
18076,1584,-15,0
18080,1581,-15,0
18084,1576,-15,2
18088,1576,-15,0
18092,1584,-15,0
18096,1586,-15,0
18100,1581,-15,2
18104,1569,-15,0
18108,1586,-15,0
18112,1582,-15,0
18116,1579,-15,1
18120,1581,-15,4
18124,1569,-15,0
18128,1584,-15,0
18132,1583,-15,1
18136,1584,-15,2
18140,1582,-15,4
18144,1584,-15,4
18148,1590,-15,0
18152,1576,-15,0
18156,1576,-15,0
18160,1576,-15,0
18164,1577,-15,0
18168,1573,-15,0
18172,1578,-15,0
18176,1588,-15,6
18180,1594,-15,1
18184,1571,-15,0
18188,1584,-15,6
18192,1581,-15,2
18196,1581,-15,0
18200,1577,-15,0
18204,1580,-15,1
18208,1586,-15,0
18212,1584,-15,0
18216,1571,-15,0
18220,1583,-15,1
18224,1584,-15,0
18228,1575,-15,2
18232,1569,-15,2
18236,1576,-15,0
18240,1581,-15,0
18244,1584,-15,0
18248,1575,-15,0
18252,1583,-15,0
18256,1583,-15,0
18260,1587,-15,0
18264,1582,-15,1
18268,1579,-15,0
18272,1582,-15,2
18276,1582,-15,2
18280,1580,-15,0
18284,1581,-15,0
18288,1583,-15,1
18292,1584,-15,3
18296,1586,-15,0
18300,1584,-15,0
18304,1584,-15,0
18308,1581,-15,0
18312,1583,-15,3
18316,1578,-15,0
18320,1576,-15,0
18324,1590,-15,0
18328,1582,-15,0
18332,1581,-15,0
18336,1584,-15,0
18340,1575,-15,0
18344,1575,-15,0
18348,1569,-15,4
18352,1583,-15,2
18356,1577,-15,0
18360,1580,-15,0
18364,1569,-15,0
18368,1586,-15,1
18372,1582,-15,0
18376,1569,-15,0
18380,1569,-15,0
18384,1575,-15,2
18388,1584,-15,6
18392,1583,-15,1
18396,1580,-15,0
18400,1582,-15,1
18404,1576,-15,1
18408,1584,-15,3
18412,1584,-15,3
18416,1582,-15,0
18420,1580,-15,0
18424,1583,-15,0
18428,1583,-15,0
18432,1586,-15,0
18436,1574,-15,0
18440,1575,-15,0
18444,1573,-15,0
18448,1582,-15,0
18452,1582,-15,1
18456,1581,-15,0
18460,1583,-15,0
18464,1578,-15,2
18468,1580,-15,0
18472,1584,-15,0
18476,1579,-15,0
18480,1583,-15,0
18484,1568,-15,0
18488,1575,-15,0
18492,1581,-15,6
18496,1582,-15,0
18500,1583,-15,1
18504,1583,-15,1
18508,1588,-15,0
18512,1586,-15,4
18516,1563,-15,0
18520,1576,-15,0
18524,1582,-15,0
18528,1584,-15,3
18532,1577,-15,2
18536,1576,-15,0
18540,1571,-15,0
18544,1578,-15,0
18548,1572,-15,6
18552,1580,-15,0
18556,1573,-15,2
18560,1584,-15,1
18564,1586,-15,4
18568,1579,-15,1
18572,1576,-15,3
18576,1578,-15,0
18580,1569,-15,11
18584,1581,-15,0
18588,1571,-15,6
18592,1571,-15,0
18596,1571,-15,0
18600,1575,-15,1
18604,1579,-15,1
18608,1577,-15,0
18612,1584,-15,0
18616,1576,-15,3
18620,1578,-15,4
18624,1578,-15,0
18628,1587,-15,0
18632,1576,-15,0
18636,1579,-15,0
18640,1582,-15,2
18644,1571,-15,0
18648,1581,-15,0
18652,1582,-15,0
18656,1579,-15,0
18660,1584,-15,5
18664,1588,-15,4
18668,1585,-15,0
18672,1583,-15,0
18676,1577,-15,6
18680,1575,-15,0
18684,1590,-15,0
18688,1588,-15,0
18692,1584,-15,0
18696,1576,-15,2
18700,1582,-15,0
18704,1586,-15,0
18708,1589,-15,0
18712,1587,-15,4
18716,1581,-15,0
18720,1568,-15,4
18724,1569,-15,0
18728,1586,-15,2
18732,1588,-15,0
18736,1578,-15,0
18740,1568,-15,14
18744,1563,-15,6
18748,1584,-15,3
18752,1582,-15,2
18756,1582,-15,0
18760,1583,-15,0
18764,1575,-15,0
18768,1586,-15,1
18772,1578,-15,0
18776,1584,-15,2
18780,1580,-15,0
18784,1583,-15,0
18788,1576,-15,0
18792,1569,-15,6
18796,1579,-15,2
18800,1578,-15,0
18804,1582,-15,0
18808,1583,-15,0
18812,1581,-15,0
18816,1583,-15,0
18820,1576,-15,0
18824,1576,-15,0
18828,1581,-15,1
18832,1582,-15,0
18836,1579,-15,1
18840,1559,-15,0
18844,1588,-15,0
18848,1582,-15,0
18852,1583,-15,0
18856,1577,-15,0
18860,1577,-15,0
18864,1581,-15,0
18868,1584,-15,0
18872,1583,-15,1
18876,1582,-15,0
18880,1588,-15,0
18884,1575,-15,10
18888,1592,-15,0
18892,1584,-15,0
18896,1581,-15,1
18900,1590,-15,7
18904,1577,-15,0
18908,1576,-15,2
18912,1583,-15,0
18916,1573,-15,2
18920,1581,-15,0
18924,1569,-15,0
